V1,V2,V3,V4,V5,VIOLATION,L1,L2,L3,L4,L5,LAPSE,PR1,PR2,PR3,PR4,PR5,PR6,PR7,PR8,PED_RES,B1,B2,PED_SAFETY,Age,Z_VIO,Z_LAP,Z_PED_RES,Z_PED_SAFETY,Z_Age,QCL_1
3,3,4,3,4,12.381,4,2,3,3,4,26.0173001235491,3,3,5,4,4,5,5,3,24.504,4,5,5.671,2,.990732030313953,-.213653393422983,.761493431339182,1.5242031904214,-.409711132478069,3
3,4,3,4,4,13.071,1,2,2,1,4,22.774729896688,4,4,4,5,4,4,4,4,24.784,3,2,3.171,4,1.17942984025195,-.649650802705888,.810995325989346,-.287268099805936,.958118251437045,3
3,3,4,4,3,12.481,4,3,2,2,2,23.9739593198486,4,4,5,5,5,4,4,3,25.694,1,1,1.321,1,1.01807953900062,-.488401890561274,.971876483602373,-1.62775685457417,-1.09362582443563,3
4,4,3,4,3,13.111,3,1,4,1,1,21.1485936754711,1,4,1,3,4,4,3,1,16.594,4,3,4.411,5,1.19036884372661,-.868301789419588,-.636935092527897,.611221660146825,1.6420329433946,3
4,4,4,3,4,13.781,4,1,1,1,1,19.2494509127988,4,1,4,4,5,4,2,4,21.274,2,3,3.191,5,1.37359715192728,-1.12366135496554,.190453718053385,-.272776329484117,1.6420329433946,3
3,4,4,3,3,12.461,2,1,2,1,1,19.1019606929713,5,5,5,5,5,5,4,2,27.034,2,2,2.561,4,1.01261003726329,-1.14349295435748,1.20877840799958,-.729267094621407,.958118251437045,3
4,4,4,3,4,13.781,1,1,1,1,1,19.3350820175288,1,5,5,5,5,5,5,1,25.044,5,3,5.021,5,1.37359715192728,-1.11214735921395,.856961371021638,1.0532206549623,1.6420329433946,3
3,3,3,4,4,12.351,2,1,1,2,2,21.4474081317957,1,5,1,1,1,1,1,1,8.964,5,5,6.281,2,.982527777707954,-.82812306707934,-1.98586172174481,1.96620218523688,-.409711132478069,1
4,3,3,4,4,13.031,1,1,1,1,1,22.4100109889131,1,1,1,1,1,1,1,1,6.444,1,1,1.321,5,1.16849083677728,-.698691066379764,-2.43137877359627,-1.62775685457417,1.6420329433946,1
5,4,4,4,4,15.201,5,4,3,3,4,25.6027175525853,5,3,3,4,3,1,4,2,18.554,3,2,3.171,2,1.76193177527793,-.269398347033146,-.290421829976761,-.287268099805936,-.409711132478069,3
3,3,4,3,4,12.381,1,1,1,1,1,19.3361048007909,4,4,4,4,4,4,4,4,23.964,2,1,1.931,4,.990732030313953,-1.1120098353297,.666025491656728,-1.1857578597587,.958118251437045,3
3,4,3,4,3,12.431,1,1,2,2,2,21.4487902713391,1,4,4,5,5,5,5,2,24.344,4,5,5.671,4,1.00440578465729,-.827937223992521,.733206634396233,1.5242031904214,.958118251437045,3
3,4,3,3,4,12.331,1,1,1,1,2,22.101067934242,4,4,4,3,4,4,4,3,22.494,3,2,3.171,4,.977058275970621,-.740231684478553,.406140544743377,-.287268099805936,.958118251437045,3
4,4,2,3,4,12.241,3,1,1,1,4,25.1852269381649,2,4,4,4,4,4,4,3,22.234,1,1,1.321,4,.952445518152621,-.325534317436915,.360174499711084,-1.62775685457417,.958118251437045,3
4,4,3,3,3,12.371,2,2,3,3,2,27.866522889412,2,2,3,2,4,4,3,3,17.794,4,3,4.411,5,.987997279445287,.0349939075434712,-.424784115455773,.611221660146825,1.6420329433946,3
4,4,4,3,4,13.781,4,1,4,2,4,26.760166066773,4,4,4,4,4,5,4,4,24.784,2,3,3.191,3,1.37359715192728,-.113767314161824,.810995325989346,-.272776329484117,.274203559479488,3
4,4,3,4,4,13.751,2,2,4,2,1,24.9407649550987,1,2,4,4,4,4,4,4,21.084,2,2,2.561,3,1.36539289932128,-.358404782477921,.156863146683632,-.729267094621407,.274203559479488,3
4,3,4,3,5,13.701,3,1,3,1,4,22.9010337231063,4,3,5,5,5,5,4,3,25.884,4,1,3.151,5,1.35171914497794,-.632667935027427,1.00546705497213,-.301759870127755,1.6420329433946,3
2,4,4,4,4,13.161,1,1,1,1,2,22.6716671933869,2,2,4,4,4,4,4,4,21.624,2,3,3.191,1,1.20404259806995,-.663508658816679,.252331086366088,-.272776329484117,-1.09362582443563,3
4,3,4,3,2,11.781,1,1,2,1,1,25.9563070180904,4,4,5,5,4,5,5,1,25.194,4,3,4.411,2,.826646978193958,-.221854553028977,.883480243155653,.611221660146825,-.409711132478069,3
5,4,3,4,3,13.791,1,1,1,1,1,29.3409554298518,1,4,4,1,4,1,1,1,13.014,4,5,5.671,2,1.37633190279594,.233246751065217,-1.2698521741264,1.5242031904214,-.409711132478069,1
4,4,4,3,3,13.141,2,4,4,4,4,34.968858688989,5,5,4,4,4,4,4,4,25.134,1,3,2.581,2,1.19857309633261,.989977081946558,.872872694302049,-.714775324299588,-.409711132478069,2
4,4,3,4,4,13.751,2,4,4,4,4,32.0200793094445,2,4,1,2,3,4,4,4,18.244,1,2,1.951,5,1.36539289932128,.593482918342039,-.345227499053726,-1.17126608943688,1.6420329433946,2
5,4,2,4,5,14.301,2,3,5,1,3,28.0352423100602,5,5,5,5,5,5,5,3,28.504,2,2,2.561,2,1.51580419709794,.057679994552147,1.46866335491293,-.729267094621407,-.409711132478069,3
4,4,1,1,4,9.991,4,4,1,2,4,26.1097869054867,4,2,4,4,4,4,4,4,22.704,2,4,3.821,2,.33712657270264,-.201217580319019,.443266965730998,.183714435653172,-.409711132478069,3
3,4,4,2,4,12.361,2,2,1,1,1,24.0213336560632,5,4,4,4,4,4,4,3,23.854,1,1,1.321,5,.985262528576621,-.482031916617477,.64657831875845,-1.62775685457417,1.6420329433946,3
3,3,4,4,3,12.481,1,3,2,2,4,25.9693698054907,1,5,1,2,2,2,3,1,13.084,4,1,3.151,4,1.01807953900062,-.220098124928391,-1.25747670046386,-.301759870127755,.958118251437045,1
4,4,3,4,4,13.751,4,2,2,2,2,26.074824061474,4,2,4,4,4,4,4,4,22.704,1,2,1.951,5,1.36539289932128,-.205918699599166,.443266965730998,-1.17126608943688,1.6420329433946,3
4,3,4,2,3,11.681,4,4,3,3,3,25.0551676506405,3,3,3,3,3,3,3,3,18.124,4,5,5.671,2,.799299469507293,-.343022146056346,-.366442596760939,1.5242031904214,-.409711132478069,3
3,3,4,3,3,11.741,1,1,1,1,3,19.3394157441088,1,1,2,2,3,3,3,4,14.894,4,3,4.411,5,.815707974719292,-1.11156464444473,-.937482310046738,.611221660146825,1.6420329433946,1
4,3,4,3,3,12.421,1,1,1,1,1,21.4532645190659,4,4,1,4,5,4,5,4,23.464,3,3,3.801,2,1.00167103378862,-.827335614688511,.577629251210011,.169222665331354,-.409711132478069,3
5,4,3,3,5,14.331,1,1,1,1,1,24.3098169176567,5,4,4,5,5,5,5,5,28.454,1,1,1.321,5,1.52400844970394,-.443242331234155,1.45982373086826,-1.62775685457417,1.6420329433946,3
3,4,5,4,3,13.971,4,3,2,2,1,28.1700228616982,4,4,4,4,4,4,3,4,23.144,3,4,4.431,2,1.42555741843194,.0758026464068666,.521055657324111,.625713430468644,-.409711132478069,3
3,4,4,3,3,12.461,5,5,3,1,1,26.8189498131056,5,5,3,5,5,5,5,5,28.364,5,5,6.281,2,1.01261003726329,-.105863225949128,1.44391240758785,1.96620218523688,-.409711132478069,3
4,4,4,3,4,13.781,1,1,1,1,1,22.2093916393319,5,5,4,4,1,4,1,1,18.204,3,6,5.691,2,1.37359715192728,-.72566643176887,-.352299198289464,1.53869496074322,-.409711132478069,3
4,3,2,3,4,11.521,1,1,3,2,3,25.3316103234215,5,5,5,5,5,3,3,4,25.874,4,3,4.411,2,.755543455608627,-.30585154350491,1.00369913016319,.611221660146825,-.409711132478069,3
3,3,2,4,5,12.221,3,1,1,1,1,26.2940680046237,2,2,2,3,2,2,2,2,13.104,5,3,5.021,2,.946976016415288,-.176439063222322,-1.25394085084599,1.0532206549623,-.409711132478069,1
4,3,4,4,4,13.801,3,4,4,3,4,29.364956763005,3,4,4,2,5,5,3,2,21.324,5,4,5.651,2,1.37906665366461,.236473980806434,.199293342098056,1.50971142009959,-.409711132478069,2
3,3,3,4,5,12.991,3,3,2,1,1,24.8526442743311,5,4,1,5,5,5,4,5,25.474,4,3,4.411,2,1.15755183330262,-.370253527711144,.932982137805816,.611221660146825,-.409711132478069,3
4,2,3,4,3,11.671,4,4,4,1,2,24.2278976680149,4,3,4,4,4,4,4,4,23.334,2,2,2.561,2,.796564718638626,-.454257229328979,.554646228693864,-.729267094621407,-.409711132478069,3
4,4,1,1,2,8.711,4,2,1,1,1,19.4647265783986,4,4,4,4,4,4,4,4,23.964,1,1,1.321,2,-.0129215384866831,-1.09471529492168,.666025491656728,-1.62775685457417,-.409711132478069,3
4,4,1,1,4,9.991,1,2,1,1,4,18.3253061870251,2,4,4,4,4,4,4,4,22.884,2,4,3.821,2,.33712657270264,-1.24792225852347,.475089612291817,.183714435653172,-.409711132478069,3
4,4,1,1,2,8.711,1,2,1,1,1,19.015278631115,4,4,4,4,4,4,4,5,24.614,2,2,2.561,2,-.0129215384866831,-1.15514826226341,.780940604237461,-.729267094621407,-.409711132478069,3
4,4,1,1,2,8.711,1,2,1,1,1,19.9476738258311,4,4,2,4,4,4,4,5,23.174,3,4,4.431,5,-.0129215384866831,-1.02977799704711,.526359431750913,.625713430468644,1.6420329433946,3
4,4,3,4,4,13.751,1,1,1,1,1,21.2076673322042,4,4,4,4,4,4,4,4,23.964,1,3,2.581,4,1.36539289932128,-.860358719727796,.666025491656728,-.714775324299588,.958118251437045,3
4,3,4,4,5,14.441,4,4,3,3,5,23.9779288273029,4,4,4,4,4,4,4,4,23.964,3,1,2.541,2,1.55409070925927,-.487868148854811,.666025491656728,-.743758864943226,-.409711132478069,3
4,3,4,3,2,11.781,1,1,1,1,1,17.8836876044634,4,4,4,4,4,4,4,4,23.964,3,6,5.691,5,.826646978193958,-1.30730248606428,.666025491656728,1.53869496074322,1.6420329433946,3
3,4,3,4,3,12.431,1,1,2,1,1,19.486064330356,4,4,1,5,5,5,4,3,23.634,3,6,5.691,2,1.00440578465729,-1.09184621147168,.607683972961894,1.53869496074322,-.409711132478069,3
3,4,4,3,4,13.101,4,4,1,1,1,20.5973842302108,1,4,1,4,4,4,4,1,18.234,2,2,2.561,2,1.18763409285795,-.942417652235738,-.346995423862661,-.729267094621407,-.409711132478069,3
5,3,3,3,4,12.971,1,1,3,1,1,17.7207895002848,3,5,5,5,5,5,5,4,28.074,3,4,4.431,2,1.15208233156528,-1.32920583631731,1.39264258812875,.625713430468644,-.409711132478069,3
4,4,4,3,4,13.781,1,1,1,1,1,17.1578236490335,5,4,4,4,4,5,4,4,25.324,3,3,3.801,4,1.37359715192728,-1.40490247061901,.906463265671801,.169222665331354,.958118251437045,3
4,3,4,3,1,11.141,1,3,1,1,1,18.5051670932886,4,4,4,5,5,3,4,4,24.804,3,3,3.801,2,.651622922599297,-1.22373808249158,.814531175607215,.169222665331354,-.409711132478069,3
4,4,3,1,4,11.531,2,2,1,1,1,18.1907663422819,4,4,5,4,5,4,4,4,25.524,4,3,4.411,5,.758278206477294,-1.26601254482396,.941821761850489,.611221660146825,1.6420329433946,3
2,2,3,4,4,10.951,1,2,1,1,1,18.0902247868674,2,3,3,4,4,4,4,4,21.534,1,3,2.581,4,.599662656094632,-1.2795314062885,.236419763085678,-.714775324299588,.958118251437045,3
4,2,4,3,2,11.061,1,1,1,1,1,18.6976010633343,2,2,4,4,4,4,4,4,21.624,1,3,2.581,5,.629744915649964,-1.19786332681076,.252331086366088,-.714775324299588,1.6420329433946,3
2,3,4,3,4,11.701,4,4,1,1,1,20.5859473828842,2,2,3,4,4,4,4,4,20.904,3,2,3.171,2,.804768971244626,-.943955455723674,.125040500122814,-.287268099805936,-.409711132478069,3
2,2,4,3,2,9.701,3,2,1,1,1,17.7053343011949,1,1,4,4,4,4,4,4,20.454,1,3,2.581,3,.257818797511308,-1.33128394913884,.0454838837207672,-.714775324299588,.274203559479488,3
2,2,4,4,2,10.441,1,2,1,1,4,16.690992298912,4,4,1,4,3,5,2,2,18.844,4,5,5.671,2,.460190361792636,-1.46767281790061,-.239152010517665,1.5242031904214,-.409711132478069,3
5,3,4,3,2,12.461,1,1,1,1,1,16.8067463498811,1,4,5,5,5,5,5,5,27.014,3,6,5.691,3,1.01261003726329,-1.45210847763792,1.20524255838171,1.53869496074322,.274203559479488,3
2,2,1,1,2,5.911,4,1,1,1,4,18.0307383106501,2,3,1,3,4,1,5,1,15.684,3,5,5.061,2,-.778651781713327,-1.28752998386849,-.797816250140923,1.08220419560593,-.409711132478069,1
4,4,3,2,4,12.271,1,1,1,1,1,17.4550517711488,3,5,5,5,1,1,1,1,16.204,5,5,6.281,1,.960649770758621,-1.36493704746957,-.705884160076336,1.96620218523688,-1.09362582443563,3
2,3,3,4,2,10.391,1,2,2,1,1,18.9068267177686,4,4,4,4,4,3,4,4,23.144,2,3,3.191,3,.446516607449303,-1.16973075391127,.521055657324111,-.272776329484117,.274203559479488,3
2,2,2,4,2,8.901,1,2,2,1,1,18.7470631321198,4,4,5,1,2,3,1,1,15.314,4,6,6.301,2,.0390387280179819,-1.19121263543341,-.863229468071494,1.98069395555869,-.409711132478069,1
4,4,3,4,2,12.471,1,2,2,2,1,18.5311663947565,5,4,4,4,4,4,3,3,23.034,4,2,3.781,3,1.01534478813195,-1.22024220505792,.501608484425832,.154730895009535,.274203559479488,3
4,2,3,4,4,12.311,1,1,2,2,1,17.0907653983195,2,3,4,5,5,3,4,1,21.144,4,5,5.671,1,.971588774233287,-1.4139191523057,.167470695537238,1.5242031904214,-1.09362582443563,3
3,4,4,3,4,13.101,1,2,1,1,1,16.2118451328643,4,4,4,4,4,4,4,4,23.964,2,3,3.191,2,1.18763409285795,-1.53209915517204,.666025491656728,-.272776329484117,-.409711132478069,3
2,2,2,2,2,7.421,1,1,2,1,2,16.1592501795463,1,2,1,2,1,2,1,2,9.364,4,3,4.411,2,-.365704400544673,-1.53917109557229,-1.91514472938744,.611221660146825,-.409711132478069,1
5,3,4,3,3,13.101,1,1,1,1,1,16.1016894318193,4,3,4,4,4,4,4,4,23.334,1,3,2.581,4,1.18763409285795,-1.54691073885818,.554646228693864,-.714775324299588,.958118251437045,3
4,2,3,4,3,11.671,4,1,1,1,1,17.0779586916477,4,4,4,4,4,4,4,4,23.964,1,3,2.581,3,.796564718638626,-1.41564114767965,.666025491656728,-.714775324299588,.274203559479488,3
2,3,4,3,3,11.061,1,1,1,1,1,16.1675117454699,4,4,4,4,4,4,4,4,23.964,1,4,3.211,5,.629744915649964,-1.53806024180898,.666025491656728,-.258284559162299,1.6420329433946,3
2,2,3,3,4,10.211,1,1,1,1,1,17.1669077641485,3,4,3,4,4,4,4,4,22.704,4,4,5.041,3,.397291091813304,-1.40368101653208,.443266965730999,1.06771242528411,.274203559479488,3
2,2,4,3,3,10.341,1,1,1,1,1,18.517442924525,4,4,4,4,4,3,4,4,23.144,2,1,1.931,4,.43284285310597,-1.2220874688606,.521055657324111,-1.1857578597587,.958118251437045,3
2,2,1,1,3,6.551,1,1,1,1,1,20.3424904385473,4,4,4,4,4,4,3,4,23.144,1,4,3.211,3,-.603627726118666,-.976690782818062,.521055657324111,-.258284559162299,.274203559479488,3
3,2,1,1,4,7.871,1,1,1,1,1,22.8087708629018,4,4,4,4,4,4,4,4,23.964,2,1,1.931,2,-.242640611454676,-.645073639517332,.666025491656728,-1.1857578597587,-.409711132478069,3
4,4,4,2,4,13.041,2,1,1,2,2,26.1415822471645,5,4,3,4,5,4,4,4,24.624,4,5,5.671,5,1.17122558764595,-.196942364786616,.782708529046396,1.5242031904214,1.6420329433946,3
4,2,1,3,5,10.671,2,4,4,3,4,28.7534895231953,1,1,5,5,3,4,4,1,19.204,4,6,6.301,2,.523089631771967,.154255828610404,-.175506717396029,1.98069395555869,-.409711132478069,2
1,1,1,1,2,4.511,1,1,1,1,1,24.7695804367504,1,1,3,5,5,5,2,1,18.624,2,2,2.561,2,-1.16151690332665,-.381422327600271,-.278046356314221,-.729267094621407,-.409711132478069,3
2,2,3,2,2,8.191,2,2,2,2,2,28.7913249145276,2,2,2,2,2,2,2,2,12.284,3,3,3.801,1,-.155128583657346,.159343191858061,-1.39891068517861,.169222665331354,-1.09362582443563,1
4,4,1,1,1,8.071,1,1,4,1,3,30.2126012358481,4,4,4,4,4,4,4,4,23.964,1,4,3.211,3,-.187945594081345,.350448626934709,.666025491656728,-.258284559162299,.274203559479488,2
5,3,1,3,3,10.791,3,3,3,3,3,32.9845962646596,3,5,5,5,2,4,3,2,21.794,4,2,3.781,2,.555906642195967,.723172289508036,.282385808117972,.154730895009535,-.409711132478069,2
3,5,5,5,3,15.431,5,5,5,3,1,31.8656706279184,5,5,4,1,1,4,4,4,20.154,4,6,6.301,1,1.82483104525726,.572721059567631,-.00755386054726315,1.98069395555869,-1.09362582443563,2
5,3,2,2,1,9.541,4,3,1,4,1,24.6238792269167,2,4,3,4,3,5,3,3,20.674,5,1,3.761,2,.214062783612644,-.401013375926884,.0843782295173229,.140239124687716,-.409711132478069,3
1,1,1,1,1,3.871,1,1,1,1,1,20.7836205769145,5,4,5,1,1,1,1,1,13.374,6,2,5.001,1,-1.33654095892131,-.917376231697023,-1.20620688100476,1.03872888464048,-1.09362582443563,1
5,5,3,3,3,13.771,2,3,3,3,2,23.4048926715061,4,5,2,3,2,4,1,2,16.894,3,2,3.171,1,1.37086240105861,-.564918840705117,-.583897348259866,-.287268099805936,-1.09362582443563,3
5,4,1,1,5,11.311,3,1,1,1,1,19.6633684750082,1,1,4,5,5,5,5,4,23.754,2,1,1.931,2,.698113687366629,-1.06800581872301,.628899070669106,-1.1857578597587,-.409711132478069,3
5,5,2,2,2,11.621,2,1,2,2,4,20.4045519932544,3,4,4,5,5,5,4,4,25.904,2,5,4.451,2,.782890964295294,-.968345959059365,1.00900290458999,.640205200790462,-.409711132478069,3
2,1,1,1,1,4.551,1,1,1,1,1,19.9466918827762,1,1,1,1,1,1,1,1,6.444,4,6,6.301,2,-1.15057789985198,-1.02991002953926,-2.43137877359627,1.98069395555869,-.409711132478069,1
1,1,2,1,1,4.641,1,1,1,1,1,22.2739079496975,4,4,1,2,1,1,1,1,10.774,4,4,5.041,2,-1.12596514203398,-.716991540491919,-1.66586733132769,1.06771242528411,-.409711132478069,1
1,4,4,5,5,13.861,4,4,3,5,4,25.4187945266183,1,1,2,4,3,3,3,5,17.184,3,6,5.691,1,1.39547515887661,-.294128717454977,-.532627528800769,1.53869496074322,-1.09362582443563,3
2,4,1,1,2,7.351,1,1,1,1,2,17.5335061170518,4,5,3,2,5,3,4,4,22.254,3,5,5.061,1,-.384847656625339,-1.35438804184517,.363710349328952,1.08220419560593,-1.09362582443563,3
1,1,1,1,2,4.511,2,1,2,1,1,19.012846104124,2,2,1,1,2,2,2,1,10.094,3,6,5.691,5,-1.16151690332665,-1.15547534090531,-1.78608621833523,1.53869496074322,1.6420329433946,1
3,3,3,1,1,8.211,1,1,1,1,1,19.2146568974649,1,1,1,1,1,1,1,1,6.444,4,2,3.781,2,-.149659081920012,-1.12833977346778,-2.43137877359627,.154730895009535,-.409711132478069,1
1,1,1,1,1,3.871,2,2,2,1,2,21.2846714830606,2,2,1,2,2,2,2,2,11.564,3,6,5.691,5,-1.33654095892131,-.850004707962891,-1.52620127142188,1.53869496074322,1.6420329433946,1
1,1,1,1,1,3.871,2,1,2,2,1,21.2171236257576,2,5,1,2,2,2,2,2,13.454,3,6,5.691,3,-1.33654095892131,-.859087222365435,-1.19206348253329,1.53869496074322,.274203559479488,1
4,2,1,2,3,8.651,4,1,2,1,1,21.0447616564292,5,4,4,4,4,4,5,1,23.374,3,2,3.171,2,-.0293300436986827,-.882263088060972,.5617179279296,-.287268099805936,-.409711132478069,3
1,1,1,1,2,4.511,2,1,2,2,1,20.4740022384179,2,2,2,2,2,2,2,2,12.284,2,6,5.081,2,-1.16151690332665,-.959007648754005,-1.39891068517861,1.09669596592775,-.409711132478069,1
3,2,2,2,2,8.101,2,3,2,2,2,20.0405435654296,2,2,2,2,2,2,2,2,12.284,3,3,3.801,1,-.179741341475345,-1.01729069128877,-1.39891068517861,.169222665331354,-1.09362582443563,1
5,4,1,1,4,10.671,1,1,1,1,1,17.3196534667967,4,4,4,5,5,5,5,5,27.914,4,4,5.041,3,.523089631771967,-1.38314276262411,1.3643557911858,1.06771242528411,.274203559479488,3
1,1,1,1,2,4.511,1,1,1,1,1,18.7238560362118,2,1,1,2,2,2,2,2,10.934,3,3,3.801,1,-1.16151690332665,-1.19433307168766,-1.63758053438474,.169222665331354,-1.09362582443563,1
1,1,1,1,1,3.871,1,1,1,1,1,20.6214270759619,1,2,3,1,1,1,1,1,8.514,4,3,4.411,5,-1.33654095892131,-.939184840692466,-2.06541833814686,.611221660146825,1.6420329433946,1
3,2,2,2,2,8.101,2,2,3,2,2,23.1857122648133,2,2,2,2,2,2,2,2,12.284,3,3,3.801,3,-.179741341475345,-.594389933942202,-1.39891068517861,.169222665331354,.274203559479488,1
1,1,1,2,2,5.251,2,3,2,2,2,21.5833949524504,1,2,1,1,1,1,1,1,7.074,3,3,3.801,1,-.959145339045322,-.809838219765646,-2.31999951063341,.169222665331354,-1.09362582443563,1
1,3,2,2,2,7.461,2,2,2,2,2,19.4045877735817,2,2,2,2,2,3,3,3,14.574,3,3,3.801,2,-.354765397070006,-1.10280158489015,-.994055903932637,.169222665331354,-.409711132478069,1
2,2,1,1,4,7.191,1,1,1,1,1,17.5278213156509,4,4,4,4,4,4,4,4,23.964,1,1,1.321,4,-.428603670524004,-1.35515242272504,.666025491656728,-1.62775685457417,.958118251437045,3
2,3,1,1,4,7.911,1,1,1,1,1,19.0051639400688,4,4,4,4,4,4,4,4,23.964,1,1,1.321,5,-.23170160798001,-1.15650828804028,.666025491656728,-1.62775685457417,1.6420329433946,3
1,1,1,1,1,3.871,2,2,2,1,1,21.0015728919849,1,2,2,2,2,2,2,2,11.744,3,3,3.801,4,-1.33654095892131,-.888070268195998,-1.49437862486106,.169222665331354,.958118251437045,1
1,1,1,2,2,5.251,3,3,2,2,2,20.8345579621418,2,2,3,3,2,2,2,2,13.824,1,6,4.471,2,-.959145339045322,-.91052716862639,-1.12665026460271,.654696971112281,-.409711132478069,1
2,2,1,1,4,7.191,1,1,1,1,1,17.6494026515429,4,4,4,4,4,4,4,4,23.964,1,3,2.581,3,-.428603670524004,-1.33880454318586,.666025491656728,-.714775324299588,.274203559479488,3
3,2,1,1,3,7.231,1,1,1,1,1,19.1694630426256,4,3,4,4,4,4,4,4,23.334,1,3,2.581,4,-.417664667049338,-1.13441655893327,.554646228693864,-.714775324299588,.958118251437045,3
5,2,1,1,5,9.871,3,1,1,3,4,21.2235987062508,2,4,4,2,2,4,4,1,17.614,5,6,6.911,3,.304309562278641,-.858216580213563,-.456606762016591,2.42269295037416,.274203559479488,3
2,3,1,1,3,7.271,2,1,1,1,1,20.2156739273659,4,4,4,4,4,4,4,4,23.964,1,1,1.321,3,-.406725663574672,-.993742586313743,.666025491656728,-1.62775685457417,.274203559479488,3
1,2,2,2,2,6.741,2,1,1,2,2,21.8941539558999,2,2,2,2,2,2,2,2,12.284,1,6,4.471,5,-.551667459614001,-.768053428400789,-1.39891068517861,.654696971112281,1.6420329433946,1
2,2,1,1,4,7.191,1,1,1,1,1,23.0137215620269,4,4,4,4,4,4,4,4,23.964,1,1,1.321,4,-.428603670524004,-.617515878976316,.666025491656728,-1.62775685457417,.958118251437045,3
2,4,1,2,4,9.371,1,1,1,1,1,26.4185426513877,5,4,4,3,3,3,1,1,17.614,5,2,4.391,2,.167572018845312,-.159702147839297,-.456606762016592,.596729889825006,-.409711132478069,3
5,3,3,4,1,11.791,5,2,4,5,1,31.0196522316049,1,3,5,4,4,1,5,4,20.794,6,5,6.891,2,.829381729062625,.458965056399917,.105593327224535,2.40820118005235,-.409711132478069,2
5,1,1,1,2,7.231,1,1,1,1,1,25.4400705832499,5,5,5,5,5,4,2,3,25.224,4,3,4.411,2,-.417664667049338,-.291267929585438,.888784017582457,.611221660146825,-.409711132478069,3
2,4,1,1,5,9.271,4,3,1,1,1,29.6973926800674,4,4,4,5,5,4,1,4,23.164,1,6,4.471,2,.140224510158646,.281173459445673,.52459150694198,.654696971112281,-.409711132478069,2
2,3,3,1,5,10.091,2,2,4,4,5,31.0856657838749,5,5,4,4,4,3,4,4,24.314,2,5,4.451,2,.364474081389306,.467841267477428,.727902859969431,.640205200790462,-.409711132478069,2
4,2,1,2,1,7.371,1,2,1,1,1,28.9076564646958,5,5,5,5,5,5,4,4,28.334,2,5,4.451,1,-.379378154888006,.174985182915353,1.43860863316104,.640205200790462,-1.09362582443563,3
2,2,2,3,4,9.441,4,4,4,4,4,33.3157519793187,4,4,4,5,4,4,4,1,22.834,4,3,4.411,2,.186715274925977,.767699631572836,.466249988247145,.611221660146825,-.409711132478069,2
2,1,1,1,4,6.471,4,4,2,2,3,28.2996648369171,5,4,5,4,4,3,3,2,22.284,1,1,1.321,4,-.625505733067998,.0932343630313954,.369014123755755,-1.62775685457417,.958118251437045,3
2,1,2,1,1,5.321,2,2,2,2,4,25.926574103942,5,5,4,5,5,2,5,5,26.624,2,5,4.451,2,-.940002082964656,-.225852453654754,1.13629349083327,.640205200790462,-.409711132478069,3
2,1,3,5,4,10.971,4,4,4,4,4,26.3413163566784,4,4,4,2,5,5,5,4,24.804,3,2,3.171,2,.605132157831965,-.17008602916369,.814531175607214,-.287268099805936,-.409711132478069,3
5,2,2,1,1,8.081,1,2,1,1,1,18.8747518333492,5,5,5,5,5,5,1,4,25.874,3,6,5.691,2,-.185210843212678,-1.17404355688283,1.00369913016319,1.53869496074322,-.409711132478069,3
1,1,1,2,2,5.251,2,2,2,1,1,19.7577727477692,1,1,1,2,2,2,2,1,9.744,3,6,5.691,5,-.959145339045322,-1.05531217896525,-1.84796358664793,1.53869496074322,1.6420329433946,1
1,1,1,2,2,5.251,1,1,1,1,1,19.1537469564449,1,2,2,2,2,2,2,5,13.694,3,6,5.691,5,-.959145339045322,-1.136529750747,-1.14963328711886,1.53869496074322,1.6420329433946,1
4,4,1,1,4,9.991,4,1,1,2,3,21.2023607519526,3,5,5,5,5,5,4,4,27.254,2,4,3.821,5,.33712657270264,-.861072244826703,1.24767275379613,.183714435653172,1.6420329433946,3
2,3,1,1,1,5.991,1,1,1,1,1,20.5923793945306,5,3,3,4,5,4,3,5,23.824,2,4,3.821,2,-.756773774763995,-.943090604627758,.641274544331647,.183714435653172,-.409711132478069,3
3,3,1,4,2,9.531,3,1,1,1,2,23.1464586412575,3,3,4,4,4,4,4,4,22.794,1,1,1.321,4,.211328032743977,-.599667993314219,.459178289011408,-1.62775685457417,.958118251437045,3
2,3,5,3,2,11.191,1,2,1,1,3,25.1114305962939,2,4,4,4,4,4,4,4,22.884,1,1,1.321,5,.66529667694263,-.335457005804237,.475089612291817,-1.62775685457417,1.6420329433946,3
2,3,1,1,3,7.271,4,4,4,4,4,28.1857170220188,4,4,4,4,4,4,4,4,23.964,1,1,1.321,3,-.406725663574672,.0779128900598754,.666025491656728,-1.62775685457417,.274203559479488,3
3,2,1,1,3,7.231,3,1,1,1,4,21.3671851648903,4,4,4,4,4,4,4,4,23.964,1,3,2.581,3,-.417664667049338,-.838909882256388,.666025491656728,-.714775324299588,.274203559479488,3
2,2,1,1,4,7.191,4,1,1,2,4,22.7070069795815,5,4,4,4,4,4,4,4,24.504,2,2,2.561,3,-.428603670524004,-.658756855726088,.761493431339183,-.729267094621407,.274203559479488,3
3,3,1,1,2,7.311,1,2,2,2,2,22.6256851075425,5,5,5,5,5,5,5,5,29.804,2,4,3.821,4,-.395786660100005,-.669691430167469,1.69849358007439,.183714435653172,.958118251437045,3
2,2,1,1,4,7.191,4,1,1,2,4,22.6238987939764,4,4,4,4,4,4,4,4,23.964,1,1,1.321,3,-.428603670524004,-.669931618669958,.666025491656728,-1.62775685457417,.274203559479488,3
2,4,1,1,2,7.351,4,1,1,1,1,22.5133767486167,4,4,3,4,4,4,4,4,23.244,1,1,1.321,4,-.384847656625339,-.684792461172698,.538734905413454,-1.62775685457417,.958118251437045,3
2,3,1,1,4,7.911,1,1,1,1,2,23.5126712819145,3,4,4,4,4,4,4,4,23.424,1,2,1.951,4,-.23170160798001,-.550426881664447,.570557551974273,-1.17126608943688,.958118251437045,3
4,4,1,2,3,10.091,5,4,2,4,1,27.0927990296142,4,4,4,5,5,5,4,4,26.444,2,2,2.561,3,.364474081389306,-.0690413406610957,1.10447084427245,-.729267094621407,.274203559479488,3
2,2,1,1,3,6.551,3,3,4,1,1,21.2551338238029,4,4,5,4,3,5,4,4,24.664,2,2,2.561,3,-.603627726118666,-.853976354530779,.789780228282133,-.729267094621407,.274203559479488,3
2,2,1,1,4,7.191,3,1,2,1,1,17.258288951085,4,4,5,4,4,4,4,4,24.684,1,1,1.321,4,-.428603670524004,-1.39139386221497,.793316077900002,-1.62775685457417,.958118251437045,3
2,2,1,1,2,5.911,3,1,1,1,2,16.1003904744392,2,4,3,4,4,4,4,4,22.164,1,2,1.951,4,-.778651781713327,-1.54708539723498,.347799026048543,-1.17126608943688,.958118251437045,3
3,2,1,1,3,7.231,3,1,1,1,1,15.5897168573503,4,4,4,4,4,4,4,4,23.964,1,3,2.581,3,-.417664667049338,-1.61575079488634,.666025491656728,-.714775324299588,.274203559479488,3
3,1,1,3,1,6.711,1,1,1,1,1,14.8996173747977,1,1,1,5,3,5,1,1,14.684,1,1,1.321,3,-.559871712220001,-1.7085418727936,-.974608731034359,-1.62775685457417,.274203559479488,1
2,2,1,1,1,5.271,1,1,1,1,1,15.4535369929699,5,5,5,4,4,4,4,4,25.854,4,4,5.041,5,-.953675837307989,-1.63406159894373,1.00016328054532,1.06771242528411,1.6420329433946,3
2,2,1,1,4,7.191,1,1,1,1,1,16.2020770175269,2,4,4,4,4,4,4,4,22.884,1,2,1.951,4,-.428603670524004,-1.53341258022769,.475089612291817,-1.17126608943688,.958118251437045,3
4,2,1,1,4,8.551,1,1,1,1,1,17.2136175912525,4,1,4,4,4,4,1,4,19.614,3,2,3.171,2,-.0566775523853485,-1.39740039277359,-.103021800229719,-.287268099805936,-.409711132478069,3
2,3,1,1,3,7.271,4,1,1,1,1,18.5805643125034,3,4,4,4,4,4,4,4,23.424,1,2,1.951,3,-.406725663574672,-1.21360013945723,.570557551974273,-1.17126608943688,.274203559479488,3
2,2,1,1,2,5.911,2,1,1,1,2,18.1980598817614,2,4,4,4,4,4,4,4,22.884,1,3,2.581,3,-.778651781713327,-1.26503185231922,.475089612291817,-.714775324299588,.274203559479488,3
2,2,1,1,3,6.551,2,1,2,1,1,19.1676484888667,2,2,4,4,4,4,4,4,21.624,1,1,1.321,4,-.603627726118666,-1.13466054462441,.252331086366088,-1.62775685457417,.958118251437045,3
2,2,1,1,3,6.551,4,1,1,1,1,19.4238493092794,5,4,4,4,4,4,4,4,24.504,1,1,1.321,3,-.603627726118666,-1.10021167038547,.761493431339183,-1.62775685457417,.274203559479488,3
2,3,1,1,3,7.271,3,1,1,1,1,19.3376342017289,4,4,4,4,4,4,4,4,23.964,2,2,2.561,4,-.406725663574672,-1.11180419141144,.666025491656728,-.729267094621407,.958118251437045,3
2,2,1,1,4,7.191,2,1,2,1,2,19.9643705428769,2,4,4,4,4,4,5,4,23.704,1,2,1.951,3,-.428603670524004,-1.02753294917886,.620059446624434,-1.17126608943688,.274203559479488,3
1,2,1,1,3,5.871,4,1,1,2,1,20.5005007336174,2,3,4,4,4,4,4,4,22.254,5,1,3.761,4,-.789590785187994,-.955444649513102,.363710349328952,.140239124687716,.958118251437045,3
2,2,1,1,3,6.551,4,1,1,1,1,19.6439199102938,4,4,4,4,4,4,4,4,23.964,1,1,1.321,3,-.603627726118666,-1.070620881231,.666025491656728,-1.62775685457417,.274203559479488,3
5,4,2,1,1,9.521,1,1,1,1,1,19.6350269058024,5,4,5,5,5,4,4,3,26.234,3,5,5.061,4,.20859328187531,-1.07181663849999,1.06734442328483,1.08220419560593,.958118251437045,3
2,2,2,2,2,7.421,2,2,2,2,2,21.8527390618951,2,2,2,2,2,2,2,2,12.284,3,3,3.801,1,-.365704400544673,-.773622093141559,-1.39891068517861,.169222665331354,-1.09362582443563,1
1,1,1,1,1,3.871,1,1,1,1,1,20.8361338674259,1,1,1,1,1,1,2,1,7.264,3,3,3.801,1,-1.33654095892131,-.910315271713427,-2.28640893926366,.169222665331354,-1.09362582443563,1
4,4,1,1,1,8.071,1,4,1,1,1,23.4758565776025,1,1,1,4,1,4,4,2,14.474,4,4,5.041,2,-.187945594081345,-.555377002889447,-1.01173515202198,1.06771242528411,-.409711132478069,1
4,3,2,3,4,11.521,2,4,4,2,3,23.8403467264899,4,3,5,5,2,3,3,5,22.204,4,2,3.781,2,.755543455608627,-.506367498235521,.35487072528428,.154730895009535,-.409711132478069,3
5,4,1,1,4,10.671,1,1,1,1,1,19.278846927689,4,1,2,4,4,2,2,2,16.054,3,1,2.541,2,.523089631771967,-1.11970875396119,-.732403032210352,-.743758864943226,-.409711132478069,3
5,1,1,3,1,8.071,3,1,1,1,1,21.3714147671473,4,3,5,4,5,1,3,1,19.664,3,3,3.801,2,-.187945594081345,-.838341168089125,-.0941821761850472,.169222665331354,-.409711132478069,3
3,4,2,1,4,10.081,1,1,3,1,1,22.7127226583072,1,1,4,4,5,4,2,5,20.304,4,3,4.411,4,.361739330520639,-.657988323067625,.018965011586752,.611221660146825,.958118251437045,3
2,1,1,2,1,5.291,1,1,1,1,1,23.9036792679827,1,4,3,4,2,2,2,2,15.364,3,5,5.061,1,-.948206335570655,-.497851777038361,-.854389844026822,1.08220419560593,-1.09362582443563,1
1,1,1,1,1,3.871,4,1,1,1,1,27.6211881999766,4,3,4,4,5,4,1,1,19.764,3,4,4.431,1,-1.33654095892131,.00200609802280431,-.076502928095704,.625713430468644,-1.09362582443563,3
1,2,1,3,4,7.991,1,1,1,5,1,30.4151191891575,2,2,2,1,2,2,2,2,11.464,3,3,3.801,1,-.209823601030677,.377679279410556,-1.54388051951122,.169222665331354,-1.09362582443563,1
1,1,1,1,1,3.871,2,1,1,2,4,31.8258367421048,1,4,1,2,1,2,1,2,10.624,3,4,4.431,1,-1.33654095892131,.567364977878933,-1.69238620346171,.625713430468644,-1.09362582443563,1
3,4,4,2,2,11.081,5,5,5,5,4,36.4349145163578,1,1,1,1,1,1,1,1,6.444,3,2,3.171,1,.635214417387298,1.18710358896925,-2.43137877359627,-.287268099805936,-1.09362582443563,1
2,3,2,3,4,10.161,2,3,4,1,2,28.5012358329159,3,1,4,3,2,1,2,3,14.284,5,5,6.281,2,.383617337469972,.120337687213564,-1.04532572339173,1.96620218523688,-.409711132478069,1
1,1,1,2,1,4.611,1,1,1,1,1,27.7935619363729,1,1,1,1,1,2,2,1,8.084,1,6,4.471,3,-1.13416939463998,.025183545923436,-2.14143910493104,.654696971112281,.274203559479488,1
1,1,1,2,2,5.251,2,1,2,1,1,32.8777864005039,1,1,1,1,1,1,1,1,6.444,1,6,4.471,2,-.959145339045322,.70881058851172,-2.43137877359627,.654696971112281,-.409711132478069,1
2,3,3,2,3,9.551,2,2,3,3,3,37.9510627033837,2,3,4,3,3,4,4,2,19.294,3,3,3.801,1,.21679753448131,1.39096553655524,-.159595394115619,.169222665331354,-1.09362582443563,2
4,4,4,4,4,14.521,4,3,4,1,1,40.3879225721401,4,4,4,4,4,4,4,4,23.964,1,1,1.321,5,1.5759687162086,1.71862677909733,.666025491656728,-1.62775685457417,1.6420329433946,2
1,2,3,3,2,8.251,2,5,4,5,3,42.3701656380272,3,5,1,3,2,2,2,2,14.814,3,4,4.431,1,-.138720078445346,1.9851600477175,-.951625708518212,.625713430468644,-1.09362582443563,2
4,4,1,1,2,8.711,4,4,1,1,2,39.8056292405773,4,4,4,4,4,4,4,4,23.964,1,2,1.951,5,-.0129215384866831,1.64033136334935,.666025491656728,-1.17126608943688,1.6420329433946,2
2,3,1,2,2,7.371,4,5,3,4,3,43.6778773521314,2,4,2,2,4,3,5,4,19.804,1,3,2.581,1,-.379378154888006,2.16099553609497,-.069431228859966,-.714775324299588,-1.09362582443563,2
3,5,5,5,5,16.711,5,5,4,5,4,42.2890234488263,1,2,2,1,2,2,2,5,12.874,1,6,4.471,5,2.17487915644658,1.97424963350902,-1.29460312145148,.654696971112281,1.6420329433946,2
1,2,1,1,4,6.511,4,4,4,4,4,37.4662479038193,4,4,4,4,4,4,4,4,23.964,1,2,1.951,5,-.614566729593332,1.32577712680515,.666025491656728,-1.17126608943688,1.6420329433946,2
1,1,1,1,1,3.871,2,2,3,2,2,33.9084431132693,2,2,2,2,2,2,2,2,12.284,1,6,4.471,2,-1.33654095892131,.847393140372357,-1.39891068517861,.654696971112281,-.409711132478069,1
1,2,1,1,3,5.871,4,4,2,4,4,36.0735717746882,4,4,4,4,4,4,4,4,23.964,1,1,1.321,4,-.789590785187994,1.13851728606484,.666025491656728,-1.62775685457417,.958118251437045,2
1,1,1,1,1,3.871,1,1,1,1,1,34.1345564522814,3,2,2,3,1,1,1,1,10.514,1,6,4.471,5,-1.33654095892131,.877796438717886,-1.71183337635999,.654696971112281,1.6420329433946,1
3,4,4,3,3,12.461,2,3,5,2,5,41.4466979084884,4,2,3,4,4,2,3,2,18.224,3,4,4.431,1,1.01261003726329,1.86099017336908,-.348763348671595,.625713430468644,-1.09362582443563,2
1,2,4,2,2,8.281,4,4,4,1,4,43.0847269033627,4,4,4,4,4,4,4,4,23.964,1,2,1.951,4,-.130515825839347,2.08124026762435,.666025491656728,-1.17126608943688,.958118251437045,2
5,4,3,4,5,15.071,5,5,3,4,4,44.9469282477874,3,3,4,5,5,2,5,5,24.284,1,2,1.951,1,1.72638001398527,2.33163267393417,.722599085542627,-1.17126608943688,-1.09362582443563,2
1,1,1,1,2,4.511,4,4,4,4,2,43.2607138483614,4,4,4,4,4,4,4,4,23.964,1,2,1.951,4,-1.16151690332665,2.10490354913216,.666025491656728,-1.17126608943688,.958118251437045,2
1,1,1,1,4,5.791,4,4,4,4,4,41.7388024977857,4,4,4,4,4,4,4,4,23.964,2,2,2.561,4,-.811468792137326,1.9002666840575,.666025491656728,-.729267094621407,.958118251437045,2
1,1,1,1,2,4.511,4,4,4,4,4,39.6821655375482,4,4,4,4,4,4,4,4,23.964,1,2,1.951,3,-1.16151690332665,1.62373037990257,.666025491656728,-1.17126608943688,.274203559479488,2
1,1,2,1,4,6.561,4,4,4,4,4,36.9029264020922,4,4,4,4,4,4,4,4,23.964,1,1,1.321,3,-.600892975249999,1.25003267158509,.666025491656728,-1.62775685457417,.274203559479488,2
1,1,2,2,4,7.301,4,4,4,4,4,33.1471978406651,4,4,4,4,4,4,4,4,23.964,1,1,1.321,3,-.398521410968672,.74503576845336,.666025491656728,-1.62775685457417,.274203559479488,2
1,1,1,1,1,3.871,1,1,1,1,1,28.0718889738718,1,4,4,4,4,4,4,4,22.344,1,1,1.321,5,-1.33654095892131,.0626075209780505,.379621672609361,-1.62775685457417,1.6420329433946,3
3,3,3,3,2,10.331,3,5,1,4,3,33.2539040187456,3,3,4,3,3,2,3,4,18.674,3,3,3.801,1,.430108102237304,.759383527774712,-.269206732269549,.169222665331354,-1.09362582443563,2
5,1,4,3,5,12.941,3,4,3,5,3,31.0539243496562,4,2,3,3,4,4,3,3,19.694,3,5,5.061,1,1.14387807895928,.463573300365531,-.0888784017582445,1.08220419560593,-1.09362582443563,2
1,1,1,1,1,3.871,1,1,1,1,1,25.8917896616976,1,4,1,4,4,4,4,4,20.184,1,2,1.951,5,-1.33654095892131,-.230529584955192,-.0022500861204605,-1.17126608943688,1.6420329433946,3
1,1,1,1,1,3.871,1,1,1,1,1,30.3078238671589,1,1,1,1,2,1,1,1,7.284,1,6,4.471,5,-1.33654095892131,.363252303540601,-2.28287308964579,.654696971112281,1.6420329433946,1
3,4,5,3,3,13.231,4,2,4,3,4,36.2754376583229,4,4,2,3,5,3,4,5,22.374,2,4,3.821,1,1.22318585415061,1.16566026096735,.384925447036165,.183714435653172,-1.09362582443563,2
3,4,4,4,4,13.841,5,5,5,4,4,35.5830238625985,4,3,5,2,1,2,4,2,16.954,3,2,3.171,1,1.39000565713927,1.07255799949996,-.573289799406259,-.287268099805936,-1.09362582443563,2
1,1,1,1,1,3.871,4,4,1,1,1,28.4986808954034,4,4,4,4,4,4,4,4,23.964,1,1,1.321,4,-1.33654095892131,.119994149199451,.666025491656728,-1.62775685457417,.958118251437045,3
1,1,1,1,1,3.871,1,1,1,1,1,28.3982174262208,1,1,1,1,1,1,1,1,6.444,2,6,5.081,5,-1.33654095892131,.106485787243761,-2.43137877359627,1.09669596592775,1.6420329433946,1
4,4,4,4,3,13.881,3,3,2,2,5,33.6948884138119,3,2,4,4,4,4,2,1,18.574,4,4,5.041,1,1.40094466061394,.818678482187834,-.286885980358893,1.06771242528411,-1.09362582443563,2
4,4,5,2,4,13.811,4,2,2,5,4,35.0282275862323,5,5,2,3,4,4,5,4,23.694,3,3,3.801,1,1.38180140453328,.997959849806337,.618291521815501,.169222665331354,-1.09362582443563,2
1,1,1,1,1,3.871,1,1,1,1,1,33.7084156570706,4,4,4,4,4,4,4,4,23.964,1,1,1.321,4,-1.33654095892131,.820497361226042,.666025491656728,-1.62775685457417,.958118251437045,2
4,4,3,4,5,14.391,4,4,4,4,4,40.8708319690144,4,4,4,4,4,4,4,4,23.964,3,3,3.801,1,1.54041695491594,1.7835589875693,.666025491656728,.169222665331354,-1.09362582443563,2
3,3,3,1,2,8.851,2,5,3,4,4,38.5092323905599,4,4,4,5,4,4,4,4,24.784,4,3,4.411,1,.0253649736746488,1.46601727654013,.810995325989346,.611221660146825,-1.09362582443563,2
1,1,1,1,2,4.511,1,1,1,1,1,36.7908545818378,1,1,4,4,4,4,4,4,20.454,1,2,1.951,4,-1.16151690332665,1.23496344567295,.0454838837207672,-1.17126608943688,.958118251437045,2
2,2,4,4,4,11.721,4,4,4,4,4,45.0362899754564,4,4,4,4,4,4,4,4,23.964,3,3,3.801,1,.810238472981959,2.34364829087593,.666025491656728,.169222665331354,-1.09362582443563,2
4,1,4,5,4,13.101,5,5,4,4,4,44.1382296965628,2,4,5,3,2,3,4,4,20.284,3,5,5.061,1,1.18763409285795,2.22289471344098,.0154291619688834,1.08220419560593,-1.09362582443563,2
4,1,1,1,1,5.911,4,4,4,4,1,41.113823914274,4,4,4,4,4,4,4,4,23.964,1,1,1.321,4,-.778651781713327,1.81623179068461,.666025491656728,-1.62775685457417,.958118251437045,2
4,4,4,3,4,13.781,3,4,4,4,4,38.8375998841541,4,4,4,4,4,4,4,4,23.964,4,2,3.781,1,1.37359715192728,1.51016971318245,.666025491656728,.154730895009535,-1.09362582443563,2
3,4,3,4,4,13.071,4,4,4,4,4,36.5048647083163,4,3,3,3,4,4,3,3,20.324,3,3,3.801,1,1.17942984025195,1.19650912233908,.0225008612046207,.169222665331354,-1.09362582443563,2
4,1,1,1,1,5.911,4,4,1,1,1,32.6092766328599,4,4,4,4,4,4,4,4,23.964,1,1,1.321,3,-.778651781713327,.672706647850647,.666025491656728,-1.62775685457417,.274203559479488,2
3,2,4,4,2,11.121,4,4,1,4,3,33.9530765308917,5,5,2,5,5,3,4,2,23.234,3,2,3.171,1,.646153420861964,.853394569204836,.53696698060452,-.287268099805936,-1.09362582443563,2
3,3,3,3,3,10.971,2,1,4,4,4,32.3230763930969,2,2,4,2,4,3,4,2,17.864,4,4,5.041,1,.605132157831965,.634224038580043,-.412408641793232,1.06771242528411,-1.09362582443563,2
4,3,1,2,2,8.731,4,3,3,2,5,31.6474005312121,3,4,3,3,5,3,3,2,19.784,3,3,3.801,1,-.00745203674934956,.543372367009011,-.0729670784778347,.169222665331354,-1.09362582443563,2
1,2,1,1,4,6.511,4,4,4,3,1,30.4640547719082,4,4,4,4,4,4,4,4,23.964,1,1,1.321,3,-.614566729593332,.384259179245662,.666025491656728,-1.62775685457417,.274203559479488,2
2,2,2,2,2,7.421,2,2,1,2,2,25.5946686106868,2,1,1,1,1,1,1,1,6.984,4,6,6.301,5,-.365704400544673,-.270480611277156,-2.33591083391382,1.98069395555869,1.6420329433946,1
1,1,1,1,1,3.871,1,2,4,2,1,26.946849473901,4,4,4,4,4,4,4,4,23.964,1,1,1.321,3,-1.33654095892131,-.0886657816831523,.666025491656728,-1.62775685457417,.274203559479488,3
1,1,1,1,1,3.871,1,1,1,1,1,26.3552019917582,4,4,4,4,4,4,4,4,23.964,1,1,1.321,2,-1.33654095892131,-.168218960604663,.666025491656728,-1.62775685457417,-.409711132478069,3
1,1,1,1,1,3.871,1,2,1,2,1,30.9340567456191,1,1,1,1,1,1,1,1,6.444,3,6,5.691,5,-1.33654095892131,.447455849960234,-2.43137877359627,1.53869496074322,1.6420329433946,1
3,4,4,3,3,12.461,4,3,2,3,5,34.9054820886745,5,4,5,5,2,4,5,3,24.534,3,3,3.801,1,1.01261003726329,.981455436580991,.766797205765986,.169222665331354,-1.09362582443563,2
4,3,3,2,3,10.911,2,2,3,3,3,34.7722730928034,3,3,2,3,3,3,3,4,18.054,3,3,3.801,1,.588723652619966,.963544096801248,-.378818070423479,.169222665331354,-1.09362582443563,2
1,1,1,1,2,4.511,4,4,4,4,1,36.0922609362208,4,4,4,4,4,4,4,4,23.964,1,1,1.321,3,-1.16151690332665,1.14103023888922,.666025491656728,-1.62775685457417,.274203559479488,2
1,1,1,2,2,5.251,3,1,1,2,3,32.0517039678659,2,2,2,1,1,1,1,1,8.334,2,6,5.081,5,-.959145339045322,.597735183729219,-2.09724098470768,1.09669596592775,1.6420329433946,1
4,1,2,3,2,8.801,5,5,2,5,4,35.9968972538729,4,3,3,5,5,4,4,2,22.974,3,2,3.171,1,.0116912193313161,1.12820759649927,.491000935572227,-.287268099805936,-1.09362582443563,2
4,2,1,2,4,9.291,4,3,4,3,4,31.0714827755039,3,4,3,4,3,4,3,4,21.044,3,3,3.801,2,.145694011895979,.465934213975744,.149791447447895,.169222665331354,-.409711132478069,2
1,1,1,1,2,4.511,4,1,1,1,1,27.483084831762,1,3,4,4,4,4,4,4,21.714,1,1,1.321,2,-1.16151690332665,-.0165633412004354,.268242409646497,-1.62775685457417,-.409711132478069,3
1,3,1,4,1,7.531,2,1,1,1,2,30.2284930158946,1,1,1,1,1,1,1,2,7.094,3,6,5.691,5,-.33562214098934,.352585442622394,-2.31646366101554,1.53869496074322,1.6420329433946,1
4,3,4,4,2,12.521,4,3,4,3,4,35.4249905620198,2,2,3,4,3,2,2,4,16.784,3,3,3.801,1,1.02901854247529,1.05130877286426,-.603344521158143,.169222665331354,-1.09362582443563,2
1,1,1,1,2,4.511,2,2,2,2,2,33.3662034621889,2,1,2,2,2,1,1,1,9.364,4,4,5.041,5,-1.16151690332665,.774483360000264,-1.91514472938744,1.06771242528411,1.6420329433946,1
1,1,1,1,1,3.871,4,4,4,4,1,36.3948695434985,4,4,4,4,4,4,4,4,23.964,1,1,1.321,2,-1.33654095892131,1.18171912442417,.666025491656728,-1.62775685457417,-.409711132478069,2
4,5,3,2,2,11.711,4,3,4,3,4,32.4606345182412,2,3,2,3,5,4,3,4,20.014,3,3,3.801,1,.807503722113293,.652720164181851,-.0323048078723443,.169222665331354,-1.09362582443563,2
1,1,1,1,1,3.871,1,2,1,1,1,29.3603169165421,1,1,1,1,1,1,1,1,6.444,3,4,4.431,2,-1.33654095892131,.235850105024034,-2.43137877359627,.625713430468644,-.409711132478069,1
5,5,5,4,4,16.691,5,4,4,4,4,33.9274552926245,2,3,4,3,3,3,4,3,19.124,3,3,3.801,1,2.16940965470925,.849949526314296,-.189650115867503,.169222665331354,-1.09362582443563,2
1,1,1,1,1,3.871,1,1,1,1,1,28.3830476927358,4,4,4,4,4,4,4,4,23.964,1,2,1.951,3,-1.33654095892131,.104446058252184,.666025491656728,-1.17126608943688,.274203559479488,3
4,3,4,2,2,11.041,5,5,5,2,3,33.6743887739673,3,1,3,4,3,4,4,4,19.974,3,3,3.801,1,.624275413912631,.815922091658677,-.0393765071080816,.169222665331354,-1.09362582443563,2
3,3,2,3,1,8.921,2,2,2,2,2,28.2167415864423,1,1,1,1,1,1,1,1,6.444,4,4,5.041,2,.0445082297553149,.0820844665459416,-2.43137877359627,1.06771242528411,-.409711132478069,1
4,2,3,3,4,11.571,4,4,4,4,4,29.4361372789761,2,4,4,3,3,2,3,2,17.464,3,6,5.691,1,.76921720995196,.246044944080493,-.483125634150606,1.53869496074322,-1.09362582443563,2
3,1,2,4,1,8.221,4,1,1,1,1,23.0569422688867,4,4,4,4,4,4,4,4,23.964,1,1,1.321,4,-.146924331051346,-.611704403850148,.666025491656728,-1.62775685457417,.958118251437045,3
2,2,2,3,2,8.161,2,3,2,2,1,24.2472192822793,2,1,2,2,3,2,2,2,12.494,4,5,5.671,4,-.163332836263345,-.451659236633974,-1.36178426419098,1.5242031904214,.958118251437045,1
2,1,1,1,2,5.191,4,1,1,1,1,23.0043503814585,4,4,4,4,4,4,4,4,23.964,1,1,1.321,3,-.975553844257321,-.618775932009517,.666025491656728,-1.62775685457417,.274203559479488,3
2,2,3,2,2,8.191,3,1,1,1,2,24.1761491641331,2,2,2,2,2,2,3,3,13.754,3,5,5.061,5,-.155128583657346,-.461215355768257,-1.13902573826525,1.08220419560593,1.6420329433946,1
2,3,5,4,3,12.571,4,4,4,3,4,26.5029042758556,4,4,4,4,4,4,4,4,23.964,1,2,1.951,1,1.04269229681862,-.148358846958344,.666025491656728,-1.17126608943688,-1.09362582443563,3
1,1,1,1,1,3.871,2,2,2,2,2,20.24176253494,2,2,2,2,3,3,3,2,14.764,3,5,5.061,5,-1.33654095892131,-.990234700742028,-.960465332562884,1.08220419560593,1.6420329433946,1
2,2,1,2,1,6.011,1,1,2,1,1,18.6591385607297,5,5,5,5,5,5,5,5,29.804,3,3,3.801,1,-.751304273026661,-1.20303501171406,1.69849358007439,.169222665331354,-1.09362582443563,3
5,5,1,4,1,11.691,1,1,1,1,1,19.479916973959,5,5,5,5,5,5,5,5,29.804,2,2,2.561,4,.80203422037596,-1.09267278769841,1.69849358007439,-.729267094621407,.958118251437045,3
4,4,2,4,2,11.701,1,1,1,2,2,21.6431310458905,3,5,5,5,5,5,5,2,26.774,2,3,3.191,2,.804768971244626,-.801806078544829,1.16281236296728,-.272776329484117,-.409711132478069,3
4,4,1,4,1,10.291,1,1,1,1,1,23.4177446566088,5,5,5,5,5,5,5,5,29.804,2,4,3.821,5,.419169098762637,-.563190757173565,1.69849358007439,.183714435653172,1.6420329433946,3
4,4,1,5,1,11.031,1,1,1,1,1,26.9645198062282,5,5,5,5,5,5,5,4,29.154,2,3,3.191,1,.621540663043965,-.0862898210788226,1.58357846749366,-.272776329484117,-1.09362582443563,3
5,5,4,3,2,13.901,4,1,3,2,5,31.7574591976056,4,4,1,4,4,4,4,4,21.804,4,4,5.041,1,1.40641416235127,.558170903373532,.284153732926906,1.06771242528411,-1.09362582443563,2
4,4,1,3,1,9.551,1,1,1,1,1,32.7479178346022,1,4,5,5,5,5,5,4,26.364,3,3,3.801,1,.21679753448131,.691348404404992,1.09032744580097,.169222665331354,-1.09362582443563,2
5,2,3,4,2,11.711,4,4,4,4,3,39.5728619386516,4,2,2,5,3,5,5,3,22.234,3,4,4.431,1,.807503722113293,1.60903337024355,.360174499711083,.625713430468644,-1.09362582443563,2
3,3,3,4,3,11.711,3,2,4,3,3,36.7552188360157,4,3,2,4,4,4,5,4,22.714,3,3,3.801,1,.807503722113292,1.23017184772155,.445034890539932,.169222665331354,-1.09362582443563,2
2,3,5,4,3,12.571,4,4,4,4,5,36.9746200486699,3,4,3,4,4,2,2,4,19.424,4,3,4.411,1,1.04269229681862,1.25967263062467,-.136612371599472,.611221660146825,-1.09362582443563,2
5,5,5,5,5,18.071,5,3,3,5,4,33.2440811468512,2,4,2,2,5,4,2,4,19.004,4,4,5.041,1,2.54680527458524,.758062740128472,-.210865213574715,1.06771242528411,-1.09362582443563,2
5,5,1,5,5,14.991,1,1,1,1,4,28.4325420903394,1,4,5,5,5,5,5,4,26.364,2,3,3.191,1,1.70450200703593,.111101096576538,1.09032744580097,-.272776329484117,-1.09362582443563,3
1,3,4,5,1,10.581,3,4,4,2,2,33.7412730950532,2,5,5,5,5,5,5,4,27.534,3,3,3.801,1,.498476873953968,.824915386691587,1.29717464844629,.169222665331354,-1.09362582443563,2
3,3,4,5,5,14.501,1,2,1,1,2,31.9152339122341,4,4,5,5,5,5,5,4,27.984,3,3,3.801,2,1.57049921447127,.579385360429394,1.37673126484834,.169222665331354,-.409711132478069,2
3,2,2,3,3,9.481,4,4,4,3,3,37.3800458273434,4,4,5,5,5,5,5,4,27.984,3,3,3.801,1,.197654278400643,1.31418635794316,1.37673126484834,.169222665331354,-1.09362582443563,2
3,3,1,2,1,7.411,5,4,4,5,1,34.9406024693829,2,4,5,5,5,5,5,5,27.554,3,3,3.801,1,-.368439151413339,.98617773831406,1.30071049806416,.169222665331354,-1.09362582443563,2
1,1,1,1,2,4.511,4,1,2,2,1,28.6035168505175,4,4,3,4,4,4,4,4,23.244,1,2,1.951,2,-1.16151690332665,.134090437523696,.538734905413454,-1.17126608943688,-.409711132478069,3
1,1,1,1,1,3.871,4,1,1,1,1,29.5398876358344,4,4,4,4,4,4,4,4,23.964,1,1,1.321,4,-1.33654095892131,.259995262388998,.666025491656728,-1.62775685457417,.958118251437045,3
1,1,1,1,1,3.871,4,1,2,2,4,33.0079562646411,4,4,4,4,4,4,4,4,23.964,1,1,1.321,4,-1.33654095892131,.726313285310818,.666025491656728,-1.62775685457417,.958118251437045,2
1,1,1,1,1,3.871,4,4,4,4,4,35.4918327900556,4,4,4,4,4,4,4,4,23.964,1,1,1.321,4,-1.33654095892131,1.06029640804727,.666025491656728,-1.62775685457417,.958118251437045,2
1,1,1,1,2,4.511,4,4,2,1,1,31.2403145811562,4,4,4,4,4,4,4,4,23.964,1,2,1.951,4,-1.16151690332665,.488635412321173,.666025491656728,-1.17126608943688,.958118251437045,2
1,1,1,1,1,3.871,1,1,1,1,1,31.0490737583192,4,4,4,4,4,4,4,4,23.964,1,2,1.951,4,-1.33654095892131,.462921087735278,.666025491656728,-1.17126608943688,.958118251437045,2
4,4,4,3,4,13.781,2,1,5,2,4,37.2771267004313,3,3,4,3,3,3,3,2,18.194,4,1,3.151,1,1.37359715192728,1.30034780717637,-.354067123098398,-.301759870127755,-1.09362582443563,2
1,2,3,3,3,8.891,3,3,3,4,4,39.5853063519342,3,3,5,5,5,5,5,4,26.814,3,3,3.801,1,.0363039771493149,1.61070665149012,1.16988406220302,.169222665331354,-1.09362582443563,2
1,1,1,1,2,4.511,4,4,4,1,4,39.6369004755868,4,4,4,4,4,4,4,4,23.964,1,2,1.951,3,-1.16151690332665,1.61764401989633,.666025491656728,-1.17126608943688,.274203559479488,2
4,4,3,3,4,13.011,4,4,2,5,5,40.2877033453876,5,5,4,5,3,5,5,5,27.404,4,4,5.041,1,1.16302133503995,1.70515125808549,1.27419162593015,1.06771242528411,-1.09362582443563,2
3,4,3,3,3,11.691,4,2,3,2,2,38.6806801964697,4,5,5,5,5,5,5,4,28.614,3,3,3.801,1,.802034220375959,1.48907022342303,1.48811052781121,.169222665331354,-1.09362582443563,2
4,4,5,1,4,13.071,4,3,4,5,5,41.0360543195537,3,2,4,4,5,5,5,3,23.994,2,4,3.821,1,1.17942984025195,1.80577485700337,.67132926608353,.183714435653172,-1.09362582443563,2
3,2,2,2,2,8.101,3,3,5,2,3,38.6514247561536,1,4,5,5,5,5,5,4,26.364,3,3,3.801,1,-.179741341475345,1.48513652413732,1.09032744580097,.169222665331354,-1.09362582443563,2
4,4,4,2,3,12.401,4,4,4,5,2,38.5640875083157,3,3,3,4,3,3,4,5,21.064,3,5,5.061,1,.996201532051287,1.47339311963808,.153327297065763,1.08220419560593,-1.09362582443563,2
1,1,1,1,1,3.871,4,1,2,1,1,34.2433614977239,2,2,4,4,4,4,4,4,21.624,1,2,1.951,5,-1.33654095892131,.89242641266166,.252331086366088,-1.17126608943688,1.6420329433946,2
5,4,3,3,3,13.051,3,3,2,3,5,38.3099479698972,5,4,4,4,3,4,4,3,23.014,3,4,4.431,1,1.17396033851461,1.43922140627658,.498072634807963,.625713430468644,-1.09362582443563,2
3,3,1,1,1,6.671,4,5,4,4,4,40.1161459052664,2,4,5,5,5,5,5,5,27.554,3,3,3.801,1,-.570810715694667,1.68208356973863,1.30071049806416,.169222665331354,-1.09362582443563,2
4,5,4,3,4,14.501,3,5,3,5,5,36.4218187909006,5,2,2,4,3,4,4,4,20.964,4,5,5.671,1,1.57049921447127,1.18534273200316,.13564804897642,1.5242031904214,-1.09362582443563,2
1,1,1,1,2,4.511,4,4,4,4,4,32.078133501217,4,4,4,4,4,4,4,4,23.964,1,2,1.951,4,-1.16151690332665,.601288910329859,.666025491656728,-1.17126608943688,.958118251437045,2
4,3,4,5,4,14.541,3,2,3,5,4,26.6272074340771,2,4,5,5,4,4,5,3,24.594,3,2,3.171,2,1.58143821794594,-.131644989999653,.777404754619592,-.287268099805936,-.409711132478069,3
2,1,1,2,3,6.571,1,4,2,2,3,22.044874910915,4,3,5,5,5,5,5,5,28.004,3,3,3.801,1,-.598158224381333,-.747787422944111,1.38026711446621,.169222665331354,-1.09362582443563,3
1,1,1,1,2,4.511,4,1,1,1,1,19.70388501475,4,4,4,4,4,4,4,4,23.964,1,1,1.321,4,-1.16151690332665,-1.06255794708891,.666025491656728,-1.62775685457417,.958118251437045,3
1,1,1,1,1,3.871,1,1,1,1,1,19.7160608307432,1,1,1,1,1,1,1,1,6.444,3,4,4.431,5,-1.33654095892131,-1.06092078155122,-2.43137877359627,.625713430468644,1.6420329433946,1
2,1,1,2,2,5.931,1,1,1,1,1,21.9622443658692,1,1,2,1,1,1,1,5,9.764,3,5,5.061,2,-.773182279975994,-.758897962129709,-1.84442773703006,1.08220419560593,-.409711132478069,1
1,1,1,1,2,4.511,2,2,2,2,2,24.9976275214449,1,1,1,1,1,2,2,1,8.084,1,4,3.211,2,-1.16151690332665,-.350759016965503,-2.14143910493104,-.258284559162299,-.409711132478069,1
1,1,2,1,1,4.641,2,2,2,1,1,25.0859831370877,1,1,1,1,1,1,1,1,6.444,3,3,3.801,5,-1.12596514203398,-.338878682286324,-2.43137877359627,.169222665331354,1.6420329433946,1
2,2,2,2,3,8.061,1,1,1,1,1,26.3540312663347,1,1,1,1,1,1,1,3,7.744,3,4,4.431,3,-.190680344950011,-.168376376856561,-2.20154854843481,.625713430468644,.274203559479488,1
4,2,3,4,5,12.951,2,3,1,3,2,30.932474684236,3,4,4,4,3,3,5,3,21.934,5,3,5.021,5,1.14661282982795,.447243125295508,.307136755443053,1.0532206549623,1.6420329433946,2
4,1,5,5,2,12.591,2,3,1,5,3,31.9438847084271,2,4,3,4,3,5,3,1,19.374,4,4,5.041,1,1.04816179855595,.583237759002153,-.145451995644144,1.06771242528411,-1.09362582443563,2
1,2,5,4,4,11.811,3,5,2,4,4,31.0133577140906,4,4,4,5,5,5,4,4,26.444,3,3,3.801,1,.834851230799958,.458118692825064,1.10447084427245,.169222665331354,-1.09362582443563,2
2,2,2,2,1,6.781,2,2,2,2,2,26.9721050190414,2,2,2,2,2,2,2,2,12.284,4,1,3.151,2,-.540728456139334,-.0852699100502093,-1.39891068517861,-.301759870127755,-.409711132478069,1
4,4,4,4,4,14.521,4,4,4,4,1,27.7541959716776,4,4,4,4,4,4,4,4,23.964,1,1,1.321,4,1.5759687162086,.0198903811127216,.666025491656728,-1.62775685457417,.958118251437045,3
1,1,1,1,1,3.871,4,1,1,1,1,20.7840486103751,1,2,4,4,4,4,4,4,21.084,1,2,1.951,4,-1.33654095892131,-.917318678130921,.156863146683632,-1.17126608943688,.958118251437045,3
1,1,1,1,1,3.871,4,1,1,1,1,21.1757413653717,1,1,4,4,4,4,4,4,20.454,2,2,2.561,3,-1.33654095892131,-.864651499175558,.0454838837207672,-.729267094621407,.274203559479488,3
1,1,1,1,1,3.871,4,1,1,1,1,21.705055899151,4,4,4,4,4,4,4,4,23.964,2,2,2.561,4,-1.33654095892131,-.793479635722366,.666025491656728,-.729267094621407,.958118251437045,3
1,1,1,1,1,3.871,4,4,4,1,1,22.4203458096635,4,4,4,4,4,4,4,4,23.964,2,2,2.561,4,-1.33654095892131,-.697301441866702,.666025491656728,-.729267094621407,.958118251437045,3
1,1,1,1,1,3.871,1,1,1,1,1,17.0220889319777,4,4,4,4,4,4,4,4,23.964,2,2,2.561,4,-1.33654095892131,-1.42315341997266,.666025491656728,-.729267094621407,.958118251437045,3
1,1,1,1,1,3.871,1,1,1,1,1,18.3217417999699,4,4,4,4,4,4,4,4,23.964,2,2,2.561,4,-1.33654095892131,-1.24840152756409,.666025491656728,-.729267094621407,.958118251437045,3
1,1,1,1,1,3.871,4,1,1,1,1,20.0780294594187,4,4,4,4,4,4,4,4,23.964,2,2,2.561,3,-1.33654095892131,-1.01225032160655,.666025491656728,-.729267094621407,.274203559479488,3
1,1,1,1,1,3.871,4,1,1,1,1,20.221661431647,4,4,4,4,4,4,4,4,23.964,2,2,2.561,5,-1.33654095892131,-.992937503872359,.666025491656728,-.729267094621407,1.6420329433946,3
1,1,1,1,1,3.871,4,1,1,1,1,20.4157586914148,4,4,4,4,4,4,4,4,23.964,2,2,2.561,4,-1.33654095892131,-.966839101528853,.666025491656728,-.729267094621407,.958118251437045,3
1,1,1,1,1,3.871,4,1,1,1,1,20.6780522856957,4,4,4,4,4,4,4,4,23.964,2,2,2.561,4,-1.33654095892131,-.931570990253846,.666025491656728,-.729267094621407,.958118251437045,3
1,1,1,1,1,3.871,1,1,1,1,1,21.0325030887779,4,4,4,4,4,4,4,4,23.964,2,2,2.561,4,-1.33654095892131,-.883911380422755,.666025491656728,-.729267094621407,.958118251437045,3
1,1,1,1,1,3.871,4,1,1,1,1,23.7412203902405,4,4,4,4,4,4,4,4,23.964,2,2,2.561,4,-1.33654095892131,-.519696068712862,.666025491656728,-.729267094621407,.958118251437045,3
1,1,1,1,1,3.871,1,1,1,1,1,25.1719194462709,4,4,4,4,4,4,4,4,23.964,1,2,1.951,4,-1.33654095892131,-.327323648610615,.666025491656728,-1.17126608943688,.958118251437045,3
1,1,1,1,1,3.871,1,1,1,1,1,29.3350262787445,4,4,4,4,4,4,4,4,23.964,2,1,1.931,4,-1.33654095892131,.232449514817056,.666025491656728,-1.1857578597587,.958118251437045,3
2,2,3,5,5,12.331,3,3,1,1,3,34.9608463226276,4,4,4,3,2,3,3,3,19.174,3,4,4.431,1,.977058275970621,.98889973566526,-.180810491822831,.625713430468644,-1.09362582443563,2
4,5,5,5,3,16.111,3,3,5,3,3,38.9416842197671,3,2,2,3,4,4,4,5,20.554,3,4,4.431,1,2.01079410432659,1.52416493842022,.063163131810111,.625713430468644,-1.09362582443563,2
3,5,2,3,1,10.361,4,4,3,5,5,37.8076813780636,3,1,5,1,3,5,5,5,21.244,3,4,4.431,1,.438312354843303,1.37168642091382,.185149943626582,.625713430468644,-1.09362582443563,2
1,2,1,1,1,4.591,4,4,4,4,1,34.2752451054914,4,1,2,4,4,4,4,4,20.634,2,2,2.561,3,-1.13963889637732,.896713496491041,.0773065302815856,-.729267094621407,.274203559479488,2
1,3,2,5,1,9.041,5,1,5,1,2,29.5962771695829,2,5,3,2,5,4,4,3,21.344,4,4,5.041,1,.0773252401793142,.267577423731674,.202829191715925,1.06771242528411,-1.09362582443563,2
3,3,4,3,2,11.101,2,2,5,5,2,28.1246988778148,5,3,4,3,5,2,3,1,19.484,3,3,3.801,1,.640683919124631,.0697083637332522,-.126004822745866,.169222665331354,-1.09362582443563,2
1,1,1,1,1,3.871,2,1,1,1,1,22.7036471321821,4,4,4,4,4,4,4,4,23.964,2,2,2.561,4,-1.33654095892131,-.659208622275215,.666025491656728,-.729267094621407,.958118251437045,3
5,1,1,1,1,6.591,4,1,1,1,1,25.2562799083542,4,4,4,4,4,4,4,4,23.964,2,2,2.561,3,-.592688722644,-.315980504024399,.666025491656728,-.729267094621407,.274203559479488,3
1,1,1,1,1,3.871,2,1,1,1,1,27.2192971734517,4,4,4,4,4,4,4,4,23.964,2,2,2.561,4,-1.33654095892131,-.0520323449775566,.666025491656728,-.729267094621407,.958118251437045,3
5,1,1,1,1,6.591,1,1,1,1,1,31.3585096938536,4,4,4,4,4,4,4,4,23.964,1,2,1.951,5,-.592688722644,.504527978810275,.666025491656728,-1.17126608943688,1.6420329433946,2
4,3,4,3,2,11.781,2,3,4,4,4,37.6952833700725,4,4,4,3,5,1,5,1,20.394,3,4,4.431,1,.826646978193958,1.3565733356561,.0348763348671606,.625713430468644,-1.09362582443563,2
5,4,3,1,4,12.211,5,2,4,4,4,36.772004554152,1,5,3,5,2,4,5,1,20.264,4,4,5.041,1,.944241265546622,1.23242886271532,.0118933123510135,1.06771242528411,-1.09362582443563,2
2,5,4,2,1,10.481,3,2,3,3,3,34.3621683164216,3,3,4,5,5,1,4,1,20.044,3,3,3.801,1,.471129365267302,.908401229406793,-.0270010334455416,.169222665331354,-1.09362582443563,2
4,3,4,4,4,13.801,5,4,3,3,2,34.7948220492184,4,4,2,4,5,3,4,3,21.894,4,3,4.411,1,1.37906665366461,.966576039331752,.300065056207315,.611221660146825,-1.09362582443563,2
3,3,3,2,2,9.591,3,3,3,4,5,31.7578676340789,4,3,3,4,1,4,3,5,19.924,6,4,6.261,1,.227736537955977,.558225821920158,-.0482161311527535,1.95171041491506,-1.09362582443563,2
2,3,2,3,4,10.161,4,5,5,4,2,29.0592805865931,1,2,3,3,1,1,4,3,13.914,3,5,5.061,1,.383617337469972,.195372628585572,-1.11073894132231,1.08220419560593,-1.09362582443563,1
1,1,1,1,1,3.871,2,2,2,1,1,20.4260548467474,1,1,2,3,1,1,1,1,8.804,2,6,5.081,5,-1.33654095892131,-.96545467598476,-2.01414851868776,1.09669596592775,1.6420329433946,1
1,1,1,1,1,3.871,1,1,1,1,1,20.056830873983,4,4,4,4,4,4,4,4,23.964,2,1,1.931,4,-1.33654095892131,-1.01510069266526,.666025491656728,-1.1857578597587,.958118251437045,3
1,1,1,1,1,3.871,2,1,2,1,2,22.4227444243013,1,1,1,1,1,1,1,1,6.444,4,6,6.301,4,-1.33654095892131,-.696978923094623,-2.43137877359627,1.98069395555869,.958118251437045,1
1,1,1,1,1,3.871,2,2,2,2,1,23.8226276004072,1,2,1,1,1,1,1,1,7.074,2,6,5.081,2,-1.33654095892131,-.508750019669544,-2.31999951063341,1.09669596592775,-.409711132478069,1
1,1,1,1,1,3.871,1,1,1,1,1,23.4981454059556,1,1,1,1,1,1,1,1,6.444,3,6,5.691,1,-1.33654095892131,-.552380037291784,-2.43137877359627,1.53869496074322,-1.09362582443563,1
4,2,2,1,5,9.961,3,2,3,2,4,27.0731694675076,3,4,4,5,3,4,3,4,22.584,3,2,3.171,1,.32892232009664,-.0716807401574972,.422051868023786,-.287268099805936,-1.09362582443563,3
1,1,1,1,1,3.871,1,2,2,1,2,26.0934722533886,1,2,1,2,2,1,1,1,8.734,2,4,3.821,5,-1.33654095892131,-.2034112555675,-2.0265239923503,.183714435653172,1.6420329433946,1
2,2,3,5,5,12.331,5,5,3,4,5,28.458746288363,2,2,4,5,1,4,4,3,19.274,4,5,5.671,1,.977058275970621,.114624524490603,-.163131243733487,1.5242031904214,-1.09362582443563,2
1,1,1,1,1,3.871,4,1,1,1,1,20.9793868761662,4,4,4,4,4,4,4,4,23.964,2,2,2.561,3,-1.33654095892131,-.891053409575363,.666025491656728,-.729267094621407,.274203559479488,3
1,1,1,1,1,3.871,4,1,1,1,1,21.4397119948193,4,4,4,4,4,4,4,4,23.964,1,2,1.951,5,-1.33654095892131,-.829157893019399,.666025491656728,-1.17126608943688,1.6420329433946,3
1,1,1,1,1,3.871,4,1,1,1,1,22.061772965972,4,4,4,4,4,4,4,4,23.964,2,2,2.561,4,-1.33654095892131,-.745515303078909,.666025491656728,-.729267094621407,.958118251437045,3
1,1,1,1,1,3.871,4,4,1,1,1,22.9023958999621,4,4,4,4,4,4,4,4,23.964,2,2,2.561,4,-1.33654095892131,-.632484776132299,.666025491656728,-.729267094621407,.958118251437045,3
1,1,1,1,1,3.871,1,1,1,1,1,20.8356701350839,2,4,4,4,4,4,4,4,22.884,1,1,1.321,5,-1.33654095892131,-.910377625366713,.475089612291817,-1.62775685457417,1.6420329433946,3
1,1,1,1,1,3.871,4,1,1,1,1,23.4752299122756,4,4,4,4,4,4,4,4,23.964,2,2,2.561,4,-1.33654095892131,-.555461264583077,.666025491656728,-.729267094621407,.958118251437045,3
1,1,1,1,1,3.871,4,1,1,1,1,24.8124728544265,4,4,4,4,4,4,4,4,23.964,2,2,2.561,4,-1.33654095892131,-.375654994381175,.666025491656728,-.729267094621407,.958118251437045,3
1,1,1,1,1,3.871,4,4,4,1,1,26.6195579113871,4,4,4,4,4,4,4,4,23.964,1,1,1.321,4,-1.33654095892131,-.13267354816239,.666025491656728,-1.62775685457417,.958118251437045,3
1,1,1,1,1,3.871,4,1,1,1,1,22.6966998802528,4,4,4,4,4,4,4,4,23.964,2,2,2.561,4,-1.33654095892131,-.66014275280467,.666025491656728,-.729267094621407,.958118251437045,3
1,1,1,1,1,3.871,4,1,1,1,1,23.7604052435849,4,4,4,4,4,4,4,4,23.964,3,2,3.171,3,-1.33654095892131,-.517116464950896,.666025491656728,-.287268099805936,.274203559479488,3
1,1,1,1,1,3.871,4,1,1,1,1,25.1978449237634,4,4,4,4,4,4,4,4,23.964,2,2,2.561,3,-1.33654095892131,-.323837697580932,.666025491656728,-.729267094621407,.274203559479488,3
1,1,1,1,1,3.871,4,1,1,1,1,27.1403309780586,4,4,4,4,4,4,4,4,23.964,2,2,2.561,3,-1.33654095892131,-.0626501741080062,.666025491656728,-.729267094621407,.274203559479488,3
1,1,1,1,1,3.871,4,1,1,1,1,29.7653121325117,4,4,4,4,4,4,4,4,23.964,2,1,1.931,3,-1.33654095892131,.290305938693244,.666025491656728,-1.1857578597587,.274203559479488,2
1,1,1,1,1,3.871,4,1,1,1,1,33.3125839628536,4,4,4,4,4,4,4,4,23.964,2,2,2.561,3,-1.33654095892131,.767273658694934,.666025491656728,-.729267094621407,.274203559479488,2
4,2,5,2,2,11.091,4,5,3,3,4,38.1061945443968,4,5,4,3,5,2,2,3,20.684,3,3,3.801,1,.637949168255964,1.41182463167019,.0861461543262576,.169222665331354,-1.09362582443563,2
4,1,5,3,3,11.751,3,4,3,3,2,35.9083710059416,5,3,5,5,5,3,4,5,26.084,3,3,3.801,1,.818442725587958,1.11630431852803,1.04082555115081,.169222665331354,-1.09362582443563,2
2,3,4,5,3,12.541,5,4,3,4,4,34.7491500080291,2,3,3,4,4,5,5,4,23.174,3,5,5.061,1,1.03448804421262,.960434956720739,.526359431750913,1.08220419560593,-1.09362582443563,2
2,1,2,3,3,8.081,4,1,3,4,3,30.5475000108502,4,4,2,4,4,5,2,4,21.704,3,2,3.171,1,-.185210843212678,.395479262528458,.266474484837562,-.287268099805936,-1.09362582443563,2
4,4,5,2,3,13.171,4,4,4,4,2,28.815540555203,1,3,3,1,4,4,2,3,16.244,3,3,3.801,1,1.20677734893861,.162599237482338,-.698812460840599,.169222665331354,-1.09362582443563,2
3,2,2,3,3,9.481,3,3,3,3,4,22.2182980475716,3,2,3,4,4,4,4,3,20.794,3,4,4.431,1,.197654278400643,-.724468872226033,.105593327224535,.625713430468644,-1.09362582443563,3
1,1,1,1,1,3.871,2,1,1,1,1,17.3166189832048,1,2,1,2,2,1,1,1,8.734,2,4,3.821,4,-1.33654095892131,-1.38355078061354,-2.0265239923503,.183714435653172,.958118251437045,1
1,1,1,1,1,3.871,1,1,1,1,2,17.976512139466,2,1,1,1,1,1,1,5,9.584,3,4,4.431,4,-1.33654095892131,-1.29482125853565,-1.87625038359088,.625713430468644,.958118251437045,1
1,2,1,2,1,5.331,1,1,1,1,1,19.6115028911703,1,1,2,3,2,1,1,1,9.644,3,2,3.171,2,-.937267332095989,-1.07497968778435,-1.86564283473728,-.287268099805936,-.409711132478069,1
1,1,1,1,1,3.871,2,2,1,3,1,21.8209498529328,2,1,2,2,1,1,1,1,8.524,2,2,2.561,3,-1.33654095892131,-.777896484066367,-2.06365041333793,-.729267094621407,.274203559479488,1
1,1,2,2,1,5.381,2,2,2,1,1,20.6985808823416,2,1,2,1,1,1,2,1,8.524,3,2,3.171,3,-.923593577752656,-.928810706180526,-2.06365041333793,-.287268099805936,.274203559479488,1
1,1,1,1,1,3.871,3,1,1,1,1,20.4251093004616,2,3,2,4,4,3,3,2,17.874,3,6,5.691,1,-1.33654095892131,-.965581814551428,-.410640716984298,1.53869496074322,-1.09362582443563,3
3,3,3,1,1,8.211,1,1,2,1,2,21.4339314871103,2,2,2,3,2,3,3,3,15.394,3,3,3.801,5,-.149659081920012,-.829935142611277,-.849086069600019,.169222665331354,1.6420329433946,1
1,1,1,1,1,3.871,1,2,2,2,2,23.2296371447436,2,2,2,3,3,3,2,3,15.414,3,3,3.801,4,-1.33654095892131,-.588483775397351,-.845550219982151,.169222665331354,.958118251437045,1
1,1,1,1,2,4.511,3,2,2,2,2,23.4400501955994,1,1,1,1,1,1,3,2,8.734,2,6,5.081,3,-1.16151690332665,-.560191544656285,-2.0265239923503,1.09669596592775,.274203559479488,1
1,1,1,2,2,5.251,2,2,2,1,1,22.237905669729,5,1,1,1,1,1,2,2,10.074,3,3,3.801,2,-.959145339045322,-.721832422784782,-1.7896220679531,.169222665331354,-.409711132478069,1
2,2,2,2,2,7.421,2,2,1,2,2,22.5052779320662,1,3,1,1,1,1,1,5,10.304,3,3,3.801,3,-.365704400544673,-.685881431584207,-1.74895979734761,.169222665331354,.274203559479488,1
1,2,3,2,2,7.511,2,2,1,1,1,22.7719972054948,1,1,1,1,1,1,1,2,7.094,3,3,3.801,2,-.341091642726673,-.650018241557546,-2.31646366101554,.169222665331354,-.409711132478069,1
1,1,1,2,2,5.251,2,1,2,1,1,24.2810773047228,1,1,3,1,1,3,4,2,12.634,3,3,3.801,2,-.959145339045322,-.4471066721447,-1.3370333168659,.169222665331354,-.409711132478069,1
3,3,3,2,3,10.231,2,2,2,2,3,26.3338882496253,1,3,4,4,4,3,3,4,20.074,3,3,3.801,2,.402760593550638,-.171084815683161,-.0216972590187384,.169222665331354,-.409711132478069,3
1,1,1,1,1,3.871,1,1,1,1,3,26.8917408778721,1,1,2,3,2,1,1,1,9.644,3,6,5.691,2,-1.33654095892131,-.0960757075804555,-1.86564283473728,1.53869496074322,-.409711132478069,1
2,2,1,1,2,5.911,4,1,1,1,1,31.6591092944217,5,4,5,5,5,5,5,2,27.224,2,2,2.561,5,-.778651781713327,.54494673242538,1.24236897936933,-.729267094621407,1.6420329433946,2
1,1,1,1,1,3.871,4,1,1,1,1,35.8717693167861,1,1,1,1,1,1,1,1,6.444,3,6,5.691,5,-1.33654095892131,1.11138283941404,-2.43137877359627,1.53869496074322,1.6420329433946,1
4,2,2,5,5,12.921,4,2,2,4,4,41.5645531307921,5,3,5,4,3,4,4,4,23.754,3,4,4.431,1,1.13840857722195,1.87683703804736,.628899070669106,.625713430468644,-1.09362582443563,2
3,3,3,4,3,11.711,4,3,5,5,5,43.6899366632325,3,3,4,4,3,4,3,2,19.834,3,4,4.431,1,.807503722113292,2.16261703633397,-.0641274544331628,.625713430468644,-1.09362582443563,2
3,4,3,3,1,10.411,3,4,4,3,2,41.1836981935574,1,2,3,5,3,3,3,2,17.404,5,3,5.021,1,.451986109186636,1.82562711680299,-.493733183004213,1.0532206549623,-1.09362582443563,2
5,5,4,3,2,13.901,3,4,5,3,3,40.8239164777803,3,4,2,3,2,4,3,4,18.664,4,3,4.411,1,1.40641416235127,1.77725071012203,-.270974657078483,.611221660146825,-1.09362582443563,2
2,4,2,3,3,10.241,5,2,2,2,2,39.2836709159194,3,3,5,3,3,3,3,4,20.214,1,2,1.951,1,.405495344419304,1.57014861898831,.00305368830634279,-1.17126608943688,-1.09362582443563,2
5,1,5,3,3,12.431,3,5,3,5,2,42.1617174539451,4,2,4,3,4,3,4,3,20.414,3,4,4.431,1,1.00440578465729,1.95713201382123,.0384121844850293,.625713430468644,-1.09362582443563,2
3,2,3,3,5,11.531,4,4,4,3,3,39.834753316142,4,3,2,3,2,4,3,3,17.924,4,3,4.411,1,.758278206477294,1.64424739927319,-.401801092939626,.611221660146825,-1.09362582443563,2
3,2,3,3,4,10.891,5,3,2,3,3,38.2577747515432,3,4,3,3,3,3,4,2,18.924,3,4,4.431,1,.583254150882632,1.43220617254383,-.22500861204619,.625713430468644,-1.09362582443563,2
2,4,5,4,3,13.291,3,4,3,3,5,38.559155069653,3,3,3,5,2,3,2,3,18.104,1,5,3.841,1,1.23959435936261,1.47272990178066,-.369978446378808,.198206205974991,-1.09362582443563,2
2,3,3,3,2,9.651,4,3,3,2,3,38.3312906346663,2,3,3,4,4,3,3,3,19.244,1,2,1.951,1,.244145043167976,1.44209115030538,-.168435018160291,-1.17126608943688,-1.09362582443563,2
5,3,2,3,4,12.201,4,3,3,4,3,39.4963386954949,4,4,2,4,3,3,3,4,20.044,2,3,3.191,1,.941506514677955,1.59874402153806,-.0270010334455416,-.272776329484117,-1.09362582443563,2
2,3,3,3,4,10.931,4,5,4,3,4,38.7734306695878,4,3,3,5,4,1,2,4,19.334,4,1,3.151,1,.594193154357299,1.5015414925583,-.152523694879881,-.301759870127755,-1.09362582443563,2
3,2,2,3,3,9.481,4,3,3,5,2,35.7559873913348,2,2,4,3,4,4,3,3,19.334,3,4,4.431,1,.197654278400643,1.09581475113629,-.152523694879881,.625713430468644,-1.09362582443563,2
3,2,3,3,1,8.971,4,2,3,4,5,32.5702532315335,4,2,3,5,3,5,4,4,22.784,3,6,5.691,1,.0581819840986476,.667459544260183,.457410364202474,1.53869496074322,-1.09362582443563,2
3,4,3,4,3,12.431,5,3,2,3,3,30.4814232858561,4,3,3,2,2,2,3,4,16.834,3,3,3.801,1,1.00440578465729,.386594557218868,-.594504897113471,.169222665331354,-1.09362582443563,2
1,1,1,1,1,3.871,1,1,1,1,1,28.0505720079137,4,4,4,4,4,4,4,4,23.964,1,2,1.951,4,-1.33654095892131,.0597412324226013,.666025491656728,-1.17126608943688,.958118251437045,3
5,4,3,3,2,12.411,3,4,4,3,3,33.2250973079915,5,4,3,3,3,3,3,4,20.484,5,4,5.651,1,.998936282919953,.755510164861943,.0507876581475705,1.50971142009959,-1.09362582443563,2
3,2,4,2,5,11.561,3,4,2,2,2,30.0690504162047,2,4,3,4,2,3,3,3,18.194,3,3,3.801,1,.766482459083294,.331146721012516,-.354067123098399,.169222665331354,-1.09362582443563,2
1,1,1,1,1,3.871,4,1,1,1,1,29.0608789408171,1,4,4,4,4,4,4,4,22.344,2,2,2.561,4,-1.33654095892131,.19558754399281,.379621672609361,-.729267094621407,.958118251437045,3
2,2,3,3,3,9.571,3,2,2,2,3,32.3606472173204,3,3,3,3,3,2,4,4,18.774,3,3,3.801,1,.222267036218643,.639275828018672,-.251527484180205,.169222665331354,-1.09362582443563,2
4,3,3,3,2,11.011,4,4,3,4,4,34.2927665098925,3,1,2,3,2,4,3,5,17.424,3,4,4.431,1,.616071161306631,.899069432181377,-.490197333386344,.625713430468644,-1.09362582443563,2
1,1,1,1,1,3.871,4,1,1,1,1,30.674008797152,4,4,4,4,4,4,4,4,23.964,2,2,2.561,5,-1.33654095892131,.412489689202396,.666025491656728,-.729267094621407,1.6420329433946,2
3,3,3,3,5,12.251,2,2,3,4,3,34.5405524285838,4,3,2,3,2,3,3,2,16.454,3,3,3.801,1,.955180269021288,.932386835058652,-.661686039852977,.169222665331354,-1.09362582443563,2
3,4,2,3,3,10.921,5,3,3,4,4,34.630476254843,3,3,3,2,2,4,4,3,18.104,3,3,3.801,1,.591458403488632,.944478032022413,-.369978446378808,.169222665331354,-1.09362582443563,2
1,1,1,1,1,3.871,4,1,1,4,1,31.4546976416797,4,4,4,4,4,4,4,4,23.964,2,2,2.561,3,-1.33654095892131,.51746145229652,.666025491656728,-.729267094621407,.274203559479488,2
3,3,2,3,4,10.841,3,3,2,2,2,32.1495914076752,4,3,3,3,3,2,3,2,17.194,3,3,3.801,1,.569580396539299,.610897171649987,-.530859603991834,.169222665331354,-1.09362582443563,2
3,4,2,3,3,10.921,3,2,3,2,4,32.9399883887503,3,3,4,3,3,3,3,3,18.844,3,3,3.801,1,.591458403488632,.717174295025462,-.239152010517665,.169222665331354,-1.09362582443563,2
1,1,1,1,1,3.871,4,1,1,1,1,34.0216059307436,4,1,1,4,4,4,4,4,19.914,1,2,1.951,3,-1.33654095892131,.86260906224731,-.0499840559616882,-1.17126608943688,.274203559479488,2
3,3,5,3,3,12.511,3,2,3,5,4,39.0643323388428,3,3,3,5,2,3,3,4,19.574,4,5,5.671,1,1.02628379160662,1.54065625809232,-.110093499465456,1.5242031904214,-1.09362582443563,2
3,3,4,3,4,12.381,5,2,3,4,2,38.8518004578956,2,3,5,3,5,3,4,3,21.524,4,4,5.041,1,.990732030313953,1.51207912853153,.234651838276744,1.06771242528411,-1.09362582443563,2
4,5,3,3,3,13.091,5,5,5,3,4,38.2267573755346,5,5,2,3,4,3,3,3,20.584,3,3,3.801,1,1.18489934198928,1.42803556261518,.0684669062369137,.169222665331354,-1.09362582443563,2
1,1,1,1,1,3.871,4,1,1,1,1,33.2199423993711,4,4,4,4,4,4,4,4,23.964,2,2,2.561,4,-1.33654095892131,.754817033596832,.666025491656728,-.729267094621407,.958118251437045,2
3,3,3,4,2,11.071,5,4,2,5,4,37.9810032423934,3,4,3,5,5,3,3,3,22.074,3,2,3.171,1,.632479666518631,1.39499135451059,.331887702768134,-.287268099805936,-1.09362582443563,2
1,1,1,1,1,3.871,4,1,4,4,1,34.820274651883,4,4,4,4,4,4,4,4,23.964,2,2,2.561,4,-1.33654095892131,.969998407405495,.666025491656728,-.729267094621407,.958118251437045,2
3,3,5,3,5,13.791,3,4,3,4,4,33.5355062863284,3,2,2,3,5,5,4,4,21.564,4,3,4.411,1,1.37633190279594,.797247891697253,.241723537512481,.611221660146825,-1.09362582443563,2
1,1,1,1,1,3.871,1,1,1,1,1,30.3939274139572,4,4,4,4,4,4,4,4,23.964,2,2,2.561,4,-1.33654095892131,.374829824059089,.666025491656728,-.729267094621407,.958118251437045,2
3,4,2,3,3,10.921,2,3,1,3,4,36.3917938026449,5,3,3,4,3,3,4,3,20.844,3,4,4.431,1,.591458403488632,1.1813055589653,.114432951269207,.625713430468644,-1.09362582443563,2
4,4,3,3,5,13.651,5,5,4,4,4,39.3213429765472,1,2,2,4,3,4,5,1,17.674,5,4,5.651,1,1.33804539063461,1.57521402071809,-.445999213162985,1.50971142009959,-1.09362582443563,2
1,1,1,1,1,3.871,4,4,4,1,1,34.6045175358745,4,4,4,4,4,4,4,4,23.964,2,2,2.561,4,-1.33654095892131,.940987611329356,.666025491656728,-.729267094621407,.958118251437045,2
4,3,3,4,3,12.391,5,2,2,5,2,33.4871858592899,2,2,5,5,3,2,2,2,17.744,5,6,6.911,1,.99346678118262,.790750705967958,-.433623739500445,2.42269295037416,-1.09362582443563,2
3,4,3,4,2,11.791,3,3,2,3,4,30.882683593635,2,2,2,2,2,2,2,2,12.284,3,2,3.171,1,.829381729062625,.440548193501103,-1.39891068517861,-.287268099805936,-1.09362582443563,1
4,3,3,3,3,11.651,2,3,2,3,4,30.0793021535609,6,5,5,2,3,5,2,2,21.794,3,4,4.431,1,.791095216901293,.332525174096097,.282385808117971,.625713430468644,-1.09362582443563,2
3,1,1,1,1,5.231,4,1,1,1,1,29.7368948021093,4,1,1,4,4,4,4,4,19.914,1,2,1.951,4,-.964614840782655,.28648493203268,-.0499840559616882,-1.17126608943688,.958118251437045,2
2,3,3,3,3,10.291,4,2,3,3,2,33.2741821650125,3,3,3,3,1,1,2,1,12.684,6,4,6.261,1,.419169098762637,.762110136180659,-1.32819369282123,1.95171041491506,-1.09362582443563,2
3,3,2,3,2,9.561,4,1,3,4,5,32.5813272500169,6,4,2,2,4,3,2,3,18.854,3,3,3.801,1,.219532285349977,.668948561623357,-.237384085708731,.169222665331354,-1.09362582443563,2
1,1,1,1,1,3.871,4,1,1,4,4,31.5639557432661,4,4,4,4,4,4,4,4,23.964,2,2,2.561,4,-1.33654095892131,.532152344367337,.666025491656728,-.729267094621407,.958118251437045,2
1,1,1,1,1,3.871,4,1,1,1,1,32.2972374909002,4,4,4,4,4,4,4,4,23.964,2,2,2.561,4,-1.33654095892131,.630749728502442,.666025491656728,-.729267094621407,.958118251437045,2
5,2,2,4,3,11.581,4,5,4,4,3,36.7341047174326,5,3,5,3,3,4,4,2,21.634,3,4,4.431,1,.771951960820627,1.22733283411277,.254099011175022,.625713430468644,-1.09362582443563,2
4,3,4,3,4,13.061,3,3,3,3,3,31.8514928613955,3,3,3,3,3,3,2,2,16.654,5,3,5.021,1,1.17669508938328,.570814710887127,-.62632754367429,1.0532206549623,-1.09362582443563,2
1,1,1,1,1,3.871,4,1,1,1,1,30.3344498126966,4,4,4,4,4,4,4,4,23.964,1,2,1.951,4,-1.33654095892131,.366832439809645,.666025491656728,-1.17126608943688,.958118251437045,2
4,3,3,1,3,10.171,1,2,4,5,5,34.0816889360764,6,3,1,1,2,5,3,3,17.464,3,3,3.801,1,.386352088338638,.870687849392773,-.483125634150607,.169222665331354,-1.09362582443563,2
3,3,3,3,5,12.251,3,3,2,4,4,32.5509309946979,4,5,5,5,5,4,4,3,26.324,3,3,3.801,1,.955180269021288,.66486146785397,1.08325574656524,.169222665331354,-1.09362582443563,2
1,1,1,1,1,3.871,1,1,1,1,1,31.1850418847269,4,4,4,4,4,4,4,4,23.964,2,2,2.561,4,-1.33654095892131,.481203421412344,.666025491656728,-.729267094621407,.958118251437045,2
2,3,3,3,2,9.651,4,3,3,4,4,37.4608674117931,3,4,5,4,3,3,3,4,21.664,3,4,4.431,1,.244145043167976,1.32505366349673,.259402785601825,.625713430468644,-1.09362582443563,2
3,3,3,3,4,11.611,4,3,2,4,5,36.0227937997204,4,4,3,4,5,3,3,4,22.444,2,3,3.191,1,.780156213426626,1.13168965736732,.397300920698705,-.272776329484117,-1.09362582443563,2
1,1,1,1,1,3.871,4,1,1,1,1,35.1335051347572,6,4,4,4,4,4,4,4,25.044,2,2,2.561,4,-1.33654095892131,1.01211551497353,.856961371021639,-.729267094621407,.958118251437045,2
2,5,4,3,2,11.861,4,3,5,5,4,40.566898830753,4,2,3,3,3,3,3,4,18.684,4,2,3.781,1,.848524985143291,1.74269200501964,-.267438807460615,.154730895009535,-1.09362582443563,2
4,3,4,3,2,11.781,3,3,3,4,5,36.9633767983149,4,3,5,3,2,5,4,3,21.724,3,4,4.431,1,.826646978193958,1.25816085827011,.270010334455431,.625713430468644,-1.09362582443563,2
4,3,2,4,3,11.621,5,5,5,3,4,36.0937524301553,4,3,4,2,2,5,3,2,18.714,3,2,3.171,1,.782890964295293,1.14123078581524,-.262135033033812,-.287268099805936,-1.09362582443563,2
3,3,3,4,2,11.071,3,3,4,4,5,30.3375032839936,6,3,3,3,3,5,4,2,21.554,4,3,4.411,1,.632479666518631,.367243010894213,.239955612703547,.611221660146825,-1.09362582443563,2
3,3,2,4,1,9.661,2,2,4,3,3,26.08581524864,3,3,2,3,3,3,5,3,19.044,3,4,4.431,1,.246879794036642,-.20444081977111,-.203793514338978,.625713430468644,-1.09362582443563,3
3,3,3,4,2,11.071,3,3,2,4,4,23.299750336,4,3,3,3,3,4,3,3,19.484,3,3,3.801,1,.632479666518631,-.579056325070718,-.126004822745866,.169222665331354,-1.09362582443563,3
3,1,4,4,3,11.041,3,2,3,3,2,18.6834464,4,4,4,4,3,2,3,4,20.664,4,3,4.411,1,.624275413912631,-1.19976656902642,.0826103047083889,.611221660146825,-1.09362582443563,3
3,3,4,3,2,11.101,3,4,3,4,4,13.60736,3,1,2,5,3,4,3,3,18.604,3,4,4.431,1,.640683919124631,-1.88229936395638,-.28158220593209,.625713430468644,-1.09362582443563,3
1,1,1,1,1,3.871,1,1,1,1,1,3.464,1,1,1,1,1,1,1,2,7.094,2,2,2.561,5,-1.33654095892131,-3.24617998087825,-2.31646366101554,-.729267094621407,1.6420329433946,1
